isBad_30,CityId,education,idVerify,inCourt,maritalStatus,netLength,threeVerify,isDue,isCrime,isBlackList,Han,age,sex
0,其它,初中,一致,0,已婚,24 个月以上,一致,0.0,0.0,0.0,1.0,38.0,男
1,其它,Missing,不一致,0,未说明,24 个月以上,不一致,0.0,0.0,0.0,0.0,44.0,男
1,其它,Missing,不一致,0,未说明,24 个月以上,不一致,0.0,0.0,0.0,0.0,44.0,男
1,其它,初中,一致,0,已婚,,不一致,0.0,0.0,0.0,0.0,35.0,男
1,其它,初中,一致,0,已婚,,不一致,0.0,0.0,0.0,0.0,35.0,男
0,其它,高中,一致,0,未婚,24 个月以上,一致,0.0,0.0,0.0,1.0,26.0,男
0,其它,初中,一致,0,未说明,24 个月以上,一致,0.0,1.0,0.0,0.0,38.0,男
0,新一线城市,Missing,,0,未说明,,无记录,0.0,0.0,0.0,0.0,,男
1,其它,初中,一致,0,离婚,24 个月以上,一致,0.0,0.0,0.0,1.0,36.0,男
1,其它,高中,一致,1,未婚,24 个月以上,一致,0.0,0.0,0.0,0.0,25.0,男
1,其它,高中,一致,1,未婚,24 个月以上,一致,0.0,0.0,0.0,0.0,25.0,男
0,其它,初中,一致,0,未说明,24 个月以上,无记录,0.0,0.0,0.0,1.0,40.0,男
0,其它,Missing,一致,0,已婚,24 个月以上,无记录,0.0,0.0,0.0,1.0,31.0,男
0,其它,初中,一致,0,已婚,24 个月以上,一致,0.0,0.0,0.0,1.0,28.0,男
0,其它,初中,一致,0,未婚,12-24个月,不一致,0.0,0.0,0.0,0.0,43.0,男
1,其它,小学,一致,0,已婚,24 个月以上,一致,0.0,0.0,0.0,0.0,39.0,男
1,其它,小学,一致,0,已婚,24 个月以上,一致,0.0,0.0,0.0,0.0,39.0,男
0,其它,初中,一致,0,已婚,24 个月以上,一致,0.0,0.0,0.0,1.0,43.0,男
0,其它,高中,一致,0,已婚,12-24个月,不一致,0.0,0.0,0.0,1.0,43.0,男
0,一线城市,初中,一致,0,未婚,24 个月以上,无记录,0.0,0.0,0.0,1.0,26.0,男
0,其它,初中,一致,0,已婚,24 个月以上,一致,0.0,0.0,0.0,1.0,37.0,男
1,其它,初中,一致,0,未婚,12-24个月,不一致,0.0,0.0,0.0,1.0,30.0,男
1,其它,初中,一致,1,未婚,24 个月以上,一致,0.0,0.0,0.0,1.0,43.0,男
1,其它,初中,一致,1,未婚,24 个月以上,一致,0.0,0.0,0.0,1.0,43.0,男
1,其它,初中,一致,0,已婚,,无记录,0.0,0.0,1.0,0.0,55.0,男
0,其它,初中,一致,0,未婚,24 个月以上,一致,0.0,0.0,0.0,1.0,30.0,男
1,二线城市,初中,一致,1,未婚,,无记录,0.0,0.0,0.0,1.0,32.0,男
1,二线城市,初中,一致,1,未婚,,无记录,0.0,0.0,0.0,1.0,32.0,男
0,其它,小学,一致,0,离婚,,一致,0.0,0.0,0.0,1.0,37.0,男
0,二线城市,高中,一致,0,已婚,12-24个月,一致,0.0,0.0,0.0,1.0,44.0,男
1,其它,初中,一致,0,已婚,,无记录,0.0,0.0,0.0,1.0,54.0,男
0,一线城市,专科,一致,0,未说明,24 个月以上,一致,0.0,0.0,0.0,1.0,31.0,女
0,其它,Missing,,0,未说明,12-24个月,不一致,0.0,0.0,0.0,0.0,50.0,男
0,其它,初中,一致,0,已婚,24 个月以上,不一致,0.0,0.0,0.0,1.0,48.0,男
0,其它,初中,一致,0,离婚,12-24个月,不一致,0.0,0.0,0.0,1.0,38.0,男
1,其它,小学,一致,0,已婚,12-24个月,不一致,0.0,0.0,0.0,1.0,29.0,男
1,其它,小学,一致,0,已婚,12-24个月,不一致,0.0,0.0,0.0,1.0,29.0,男
0,其它,初中,一致,0,未婚,24 个月以上,一致,0.0,0.0,0.0,1.0,30.0,女
0,其它,初中,一致,0,已婚,24 个月以上,不一致,0.0,0.0,0.0,1.0,46.0,男
0,其它,小学,一致,0,已婚,24 个月以上,一致,0.0,0.0,0.0,1.0,37.0,男
1,新一线城市,初中,一致,0,已婚,,无记录,0.0,0.0,0.0,1.0,42.0,男
0,其它,Missing,一致,0,已婚,,一致,0.0,0.0,0.0,1.0,30.0,男
0,其它,初中,一致,0,已婚,24 个月以上,一致,0.0,0.0,0.0,1.0,38.0,男
0,其它,高中,一致,1,已婚,24 个月以上,一致,0.0,0.0,1.0,1.0,44.0,男
0,其它,初中,一致,0,已婚,24 个月以上,一致,0.0,0.0,0.0,1.0,29.0,女
1,二线城市,初中,一致,0,未说明,24 个月以上,一致,0.0,0.0,0.0,0.0,36.0,男
1,其它,初中,一致,0,未婚,,一致,0.0,0.0,0.0,1.0,28.0,男
0,其它,初中,一致,0,已婚,24 个月以上,一致,0.0,0.0,0.0,1.0,38.0,男
0,二线城市,初中,一致,0,已婚,24 个月以上,无记录,0.0,0.0,0.0,1.0,38.0,男
0,其它,小学,一致,0,已婚,24 个月以上,一致,0.0,0.0,0.0,0.0,43.0,女
0,一线城市,高中,一致,0,未婚,24 个月以上,一致,0.0,0.0,0.0,1.0,25.0,男
0,其它,小学,一致,0,未婚,24 个月以上,一致,0.0,0.0,0.0,1.0,34.0,男
0,其它,小学,一致,0,已婚,24 个月以上,不一致,0.0,0.0,0.0,0.0,33.0,女
0,二线城市,初中,一致,0,已婚,24 个月以上,一致,0.0,0.0,0.0,1.0,34.0,女
0,一线城市,高中,一致,0,已婚,24 个月以上,一致,0.0,1.0,0.0,1.0,34.0,男
0,其它,小学,一致,0,未婚,12-24个月,不一致,0.0,0.0,0.0,1.0,47.0,男
0,其它,初中,一致,0,已婚,24 个月以上,一致,0.0,0.0,0.0,1.0,36.0,男
0,二线城市,初中,一致,0,未婚,24 个月以上,不一致,0.0,0.0,0.0,1.0,23.0,男
0,其它,初中,一致,0,已婚,24 个月以上,一致,0.0,0.0,0.0,1.0,45.0,男
1,二线城市,初中,一致,0,已婚,12-24个月,不一致,0.0,0.0,0.0,1.0,44.0,男
1,二线城市,初中,一致,0,已婚,12-24个月,不一致,0.0,0.0,0.0,1.0,44.0,男
0,其它,初中,一致,0,已婚,24 个月以上,一致,0.0,0.0,0.0,1.0,37.0,男
0,其它,初中,一致,0,已婚,12-24个月,一致,0.0,0.0,0.0,1.0,38.0,女
0,其它,高中,一致,0,已婚,24 个月以上,一致,0.0,0.0,0.0,1.0,44.0,男
1,其它,初中,一致,0,未婚,24 个月以上,一致,0.0,0.0,0.0,1.0,26.0,男
0,其它,初中,一致,0,已婚,12-24个月,一致,0.0,1.0,0.0,1.0,43.0,男
0,其它,初中,一致,0,未婚,24 个月以上,一致,0.0,0.0,0.0,0.0,40.0,女
0,其它,初中,一致,0,已婚,24 个月以上,一致,0.0,0.0,0.0,1.0,36.0,男
0,其它,Missing,一致,0,已婚,24 个月以上,一致,0.0,0.0,0.0,1.0,38.0,男
0,其它,高中,一致,0,未婚,24 个月以上,一致,0.0,0.0,0.0,1.0,42.0,男
0,其它,小学,一致,0,未说明,6-12个月,一致,0.0,0.0,0.0,1.0,24.0,男
0,其它,初中,一致,0,已婚,24 个月以上,不一致,0.0,0.0,0.0,1.0,28.0,男
0,其它,小学,一致,0,未说明,12-24个月,不一致,0.0,0.0,0.0,1.0,29.0,男
0,其它,本科以上,一致,0,未婚,24 个月以上,一致,0.0,0.0,0.0,1.0,27.0,男
0,其它,初中,一致,0,已婚,24 个月以上,一致,0.0,0.0,0.0,1.0,32.0,男
0,二线城市,初中,一致,0,已婚,24 个月以上,一致,0.0,0.0,0.0,1.0,40.0,男
0,其它,初中,一致,0,未说明,24 个月以上,一致,0.0,0.0,0.0,1.0,37.0,男
0,其它,小学,一致,0,已婚,12-24个月,不一致,0.0,0.0,0.0,1.0,36.0,女
0,二线城市,小学,一致,0,未婚,24 个月以上,一致,0.0,0.0,0.0,1.0,31.0,男
0,其它,小学,一致,0,已婚,24 个月以上,无记录,0.0,0.0,0.0,1.0,33.0,男
0,其它,初中,一致,0,已婚,24 个月以上,不一致,0.0,0.0,0.0,1.0,44.0,女
0,其它,小学,一致,0,已婚,24 个月以上,一致,0.0,0.0,0.0,1.0,35.0,男
0,二线城市,初中,一致,0,已婚,24 个月以上,一致,0.0,0.0,0.0,1.0,41.0,男
0,其它,初中,一致,0,已婚,24 个月以上,不一致,0.0,0.0,0.0,1.0,40.0,男
0,二线城市,初中,一致,0,未说明,24 个月以上,一致,0.0,0.0,0.0,1.0,31.0,男
0,其它,初中,一致,0,已婚,24 个月以上,无记录,0.0,0.0,0.0,1.0,34.0,男
1,其它,小学,一致,0,已婚,,无记录,0.0,0.0,0.0,0.0,52.0,男
1,其它,小学,一致,0,已婚,,无记录,0.0,0.0,0.0,0.0,52.0,男
0,二线城市,初中,一致,0,已婚,24 个月以上,不一致,0.0,0.0,0.0,1.0,56.0,男
0,其它,初中,一致,0,已婚,24 个月以上,一致,0.0,0.0,0.0,1.0,32.0,男
0,其它,初中,一致,0,已婚,24 个月以上,一致,0.0,0.0,0.0,1.0,29.0,男
0,一线城市,初中,一致,0,已婚,24 个月以上,一致,0.0,0.0,0.0,1.0,28.0,男
0,其它,小学,一致,0,未婚,24 个月以上,一致,0.0,0.0,0.0,1.0,36.0,男
0,其它,初中,一致,0,未婚,24 个月以上,不一致,0.0,1.0,0.0,1.0,33.0,男
0,其它,初中,一致,0,未婚,,无记录,0.0,0.0,0.0,0.0,25.0,男
0,其它,初中,一致,0,已婚,24 个月以上,一致,0.0,0.0,0.0,1.0,28.0,男
0,其它,初中,一致,0,已婚,6-12个月,一致,0.0,1.0,0.0,1.0,47.0,男
1,其它,高中,一致,0,未婚,6-12个月,不一致,0.0,0.0,0.0,1.0,23.0,男
1,其它,高中,一致,0,未婚,6-12个月,不一致,0.0,0.0,0.0,1.0,23.0,男
0,其它,高中,一致,0,已婚,24 个月以上,一致,0.0,0.0,0.0,1.0,29.0,男
0,其它,初中,一致,0,已婚,24 个月以上,一致,0.0,0.0,0.0,1.0,26.0,男
0,其它,高中,一致,0,已婚,24 个月以上,无记录,0.0,0.0,0.0,1.0,39.0,男
0,一线城市,初中,一致,0,已婚,24 个月以上,一致,0.0,0.0,0.0,1.0,43.0,男
1,新一线城市,初中,一致,0,未婚,,无记录,0.0,0.0,0.0,1.0,28.0,男
0,其它,Missing,一致,0,未说明,24 个月以上,一致,0.0,0.0,0.0,1.0,36.0,男
0,其它,高中,一致,0,已婚,24 个月以上,一致,0.0,0.0,0.0,1.0,43.0,男
0,其它,小学,一致,0,已婚,24 个月以上,一致,0.0,0.0,0.0,1.0,42.0,男
0,其它,小学,一致,0,未婚,24 个月以上,一致,0.0,0.0,0.0,1.0,33.0,男
0,其它,小学,一致,0,未婚,24 个月以上,一致,0.0,0.0,0.0,1.0,23.0,男
0,其它,高中,一致,0,已婚,24 个月以上,一致,0.0,0.0,0.0,1.0,38.0,男
0,其它,小学,一致,0,已婚,12-24个月,不一致,0.0,0.0,0.0,1.0,35.0,男
1,其它,小学,一致,0,未婚,24 个月以上,一致,0.0,0.0,0.0,1.0,39.0,女
0,二线城市,初中,一致,0,未说明,24 个月以上,一致,0.0,0.0,0.0,1.0,35.0,男
1,其它,初中,一致,0,已婚,12-24个月,不一致,0.0,0.0,0.0,1.0,34.0,男
0,其它,初中,一致,0,未说明,12-24个月,一致,0.0,0.0,0.0,1.0,34.0,男
0,其它,小学,一致,0,已婚,12-24个月,不一致,0.0,0.0,0.0,1.0,56.0,男
0,二线城市,初中,一致,0,已婚,12-24个月,不一致,0.0,0.0,0.0,1.0,30.0,男
1,二线城市,初中,一致,0,已婚,12-24个月,一致,0.0,0.0,0.0,1.0,26.0,男
1,二线城市,初中,一致,0,已婚,12-24个月,一致,0.0,0.0,0.0,1.0,26.0,男
0,其它,初中,一致,0,已婚,,无记录,0.0,0.0,0.0,1.0,37.0,男
1,新一线城市,初中,一致,0,未婚,,无记录,0.0,0.0,0.0,1.0,34.0,男
1,新一线城市,初中,一致,0,未婚,,无记录,0.0,0.0,0.0,1.0,34.0,男
1,其它,初中,一致,1,已婚,6-12个月,不一致,0.0,0.0,1.0,1.0,36.0,男
0,其它,初中,一致,0,已婚,24 个月以上,一致,0.0,0.0,0.0,1.0,32.0,男
0,其它,初中,一致,0,已婚,24 个月以上,一致,0.0,0.0,0.0,1.0,36.0,男
0,二线城市,小学,一致,0,未婚,24 个月以上,无记录,0.0,0.0,0.0,1.0,29.0,女
0,其它,初中,一致,0,已婚,24 个月以上,一致,0.0,0.0,0.0,1.0,27.0,男
0,其它,初中,一致,0,已婚,24 个月以上,不一致,0.0,0.0,0.0,1.0,40.0,男
1,其它,Missing,,0,未说明,12-24个月,一致,0.0,0.0,0.0,0.0,31.0,男
1,其它,Missing,,0,未说明,12-24个月,一致,0.0,0.0,0.0,0.0,31.0,男
0,其它,Missing,一致,0,未说明,12-24个月,一致,0.0,0.0,0.0,1.0,26.0,男
1,新一线城市,初中,一致,1,已婚,6-12个月,不一致,0.0,0.0,0.0,1.0,51.0,男
0,其它,Missing,一致,0,未说明,24 个月以上,一致,0.0,0.0,0.0,1.0,31.0,男
0,其它,Missing,一致,0,已婚,24 个月以上,一致,0.0,0.0,0.0,1.0,35.0,男
0,其它,高中,一致,0,已婚,24 个月以上,一致,0.0,0.0,0.0,1.0,44.0,男
0,其它,小学,一致,0,未婚,12-24个月,一致,0.0,0.0,0.0,1.0,28.0,男
0,一线城市,本科以上,一致,0,未婚,0-6个月,一致,0.0,0.0,0.0,1.0,23.0,男
0,其它,小学,一致,0,已婚,24 个月以上,一致,0.0,0.0,0.0,1.0,45.0,男
0,其它,初中,一致,0,已婚,24 个月以上,不一致,0.0,0.0,0.0,1.0,35.0,男
0,其它,小学,一致,0,未婚,,一致,0.0,0.0,0.0,1.0,25.0,男
1,二线城市,初中,一致,0,未婚,0-6个月,不一致,0.0,0.0,0.0,1.0,30.0,男
0,其它,初中,一致,0,已婚,,一致,0.0,0.0,0.0,1.0,33.0,男
0,其它,初中,一致,0,已婚,12-24个月,不一致,0.0,0.0,0.0,1.0,41.0,男
1,其它,初中,一致,1,已婚,0-6个月,不一致,0.0,0.0,0.0,1.0,46.0,女
1,其它,初中,一致,1,已婚,0-6个月,不一致,0.0,0.0,0.0,1.0,46.0,女
0,新一线城市,专科,一致,0,已婚,12-24个月,一致,0.0,0.0,0.0,1.0,37.0,男
1,其它,初中,一致,0,已婚,,无记录,0.0,0.0,0.0,1.0,38.0,男
0,其它,Missing,一致,0,未说明,24 个月以上,不一致,0.0,0.0,0.0,1.0,44.0,男
0,其它,初中,一致,0,未说明,12-24个月,一致,0.0,0.0,0.0,1.0,33.0,男
0,其它,小学,一致,0,已婚,24 个月以上,一致,0.0,0.0,0.0,0.0,50.0,男
1,其它,小学,一致,0,未婚,24 个月以上,不一致,0.0,0.0,0.0,1.0,39.0,男
0,其它,初中,一致,0,已婚,24 个月以上,一致,0.0,0.0,0.0,1.0,36.0,男
1,其它,小学,一致,0,已婚,12-24个月,不一致,0.0,0.0,0.0,1.0,28.0,女
1,其它,小学,一致,0,已婚,12-24个月,不一致,0.0,0.0,0.0,1.0,28.0,女
0,一线城市,本科以上,一致,0,未婚,24 个月以上,一致,0.0,0.0,0.0,1.0,27.0,女
1,新一线城市,初中,一致,0,未婚,,无记录,0.0,0.0,0.0,1.0,28.0,男
0,其它,Missing,一致,0,未说明,24 个月以上,一致,0.0,0.0,0.0,1.0,31.0,男
0,其它,初中,一致,0,未婚,,不一致,0.0,0.0,0.0,1.0,30.0,女
0,其它,初中,一致,0,未婚,12-24个月,一致,0.0,0.0,0.0,1.0,31.0,男
0,其它,专科,一致,0,未婚,,不一致,0.0,0.0,0.0,1.0,32.0,男
0,其它,Missing,一致,0,未说明,24 个月以上,不一致,0.0,0.0,0.0,1.0,34.0,男
0,其它,小学,一致,0,未说明,24 个月以上,一致,0.0,0.0,0.0,1.0,27.0,男
0,其它,高中,一致,0,已婚,24 个月以上,一致,0.0,0.0,0.0,1.0,29.0,男
0,其它,初中,一致,0,已婚,24 个月以上,一致,0.0,0.0,0.0,1.0,55.0,男
1,新一线城市,初中,一致,0,已婚,,无记录,0.0,0.0,0.0,1.0,47.0,男
1,新一线城市,初中,一致,0,已婚,,无记录,0.0,0.0,0.0,1.0,47.0,男
0,其它,初中,一致,0,未婚,24 个月以上,一致,0.0,0.0,0.0,1.0,37.0,男
0,二线城市,小学,一致,0,已婚,24 个月以上,不一致,0.0,1.0,0.0,0.0,30.0,男
0,其它,初中,一致,0,未婚,12-24个月,一致,0.0,0.0,0.0,1.0,28.0,男
0,其它,初中,一致,0,未说明,12-24个月,一致,0.0,0.0,0.0,0.0,31.0,女
0,其它,小学,一致,0,离婚,24 个月以上,一致,0.0,0.0,0.0,1.0,41.0,男
0,其它,初中,一致,0,未婚,12-24个月,一致,0.0,0.0,0.0,1.0,21.0,男
0,其它,高中,一致,0,已婚,,不一致,0.0,1.0,0.0,1.0,49.0,男
1,其它,初中,一致,0,未婚,,无记录,0.0,0.0,0.0,1.0,33.0,男
1,其它,初中,一致,0,未婚,,无记录,0.0,0.0,0.0,1.0,33.0,男
0,其它,Missing,一致,0,未说明,12-24个月,一致,0.0,0.0,0.0,1.0,25.0,男
0,一线城市,初中,一致,0,未婚,24 个月以上,一致,0.0,0.0,0.0,1.0,28.0,男
0,其它,初中,一致,0,已婚,24 个月以上,一致,0.0,0.0,0.0,1.0,37.0,男
1,其它,Missing,一致,0,未说明,12-24个月,不一致,0.0,0.0,0.0,1.0,22.0,男
0,其它,小学,一致,0,已婚,12-24个月,不一致,0.0,0.0,0.0,1.0,41.0,男
0,其它,初中,一致,0,已婚,24 个月以上,一致,0.0,0.0,0.0,1.0,47.0,男
0,其它,初中,一致,0,已婚,24 个月以上,不一致,0.0,0.0,0.0,1.0,27.0,男
1,其它,专科,一致,1,未婚,,不一致,0.0,0.0,0.0,1.0,41.0,男
0,其它,高中,一致,0,已婚,24 个月以上,一致,0.0,0.0,0.0,1.0,38.0,男
1,二线城市,初中,一致,0,未婚,,一致,0.0,0.0,0.0,1.0,32.0,男
1,二线城市,初中,一致,0,未婚,,一致,0.0,0.0,0.0,1.0,32.0,男
0,其它,初中,一致,0,已婚,24 个月以上,一致,0.0,0.0,0.0,1.0,29.0,男
1,其它,初中,一致,0,已婚,24 个月以上,一致,0.0,0.0,0.0,1.0,49.0,男
0,新一线城市,初中,一致,0,已婚,12-24个月,无记录,0.0,0.0,0.0,1.0,30.0,男
0,其它,Missing,一致,0,未说明,6-12个月,一致,0.0,0.0,0.0,1.0,27.0,男
0,其它,初中,一致,0,已婚,24 个月以上,一致,0.0,0.0,0.0,1.0,45.0,男
1,新一线城市,初中,一致,0,离婚,,不一致,0.0,0.0,0.0,1.0,47.0,男
0,其它,初中,一致,0,已婚,12-24个月,不一致,0.0,0.0,0.0,1.0,51.0,男
0,其它,初中,一致,0,未婚,12-24个月,不一致,0.0,0.0,0.0,1.0,23.0,男
0,其它,初中,一致,0,已婚,24 个月以上,一致,0.0,0.0,0.0,1.0,35.0,女
0,其它,初中,一致,0,已婚,24 个月以上,不一致,0.0,0.0,0.0,1.0,33.0,男
0,其它,Missing,一致,0,未婚,24 个月以上,一致,0.0,0.0,0.0,1.0,34.0,男
0,新一线城市,初中,一致,0,已婚,24 个月以上,不一致,0.0,0.0,0.0,1.0,29.0,男
0,一线城市,Missing,一致,0,未说明,24 个月以上,无记录,0.0,0.0,0.0,1.0,23.0,男
0,其它,初中,一致,0,已婚,12-24个月,一致,0.0,0.0,0.0,0.0,54.0,男
0,二线城市,高中,一致,0,已婚,24 个月以上,一致,0.0,0.0,0.0,1.0,49.0,男
0,一线城市,本科以上,一致,0,已婚,24 个月以上,一致,0.0,0.0,0.0,1.0,30.0,女
0,其它,初中,一致,0,离婚,12-24个月,不一致,0.0,0.0,0.0,1.0,46.0,男
1,二线城市,高中,一致,0,已婚,12-24个月,一致,0.0,0.0,0.0,1.0,39.0,男
1,二线城市,高中,一致,0,已婚,12-24个月,一致,0.0,0.0,0.0,1.0,39.0,男
0,其它,初中,一致,0,未婚,24 个月以上,一致,0.0,0.0,0.0,1.0,31.0,男
0,其它,初中,一致,0,未婚,24 个月以上,一致,0.0,0.0,0.0,1.0,40.0,男
0,其它,初中,一致,0,未婚,12-24个月,不一致,0.0,0.0,0.0,1.0,48.0,男
0,其它,小学,一致,0,已婚,24 个月以上,一致,0.0,0.0,0.0,1.0,33.0,男
0,其它,小学,一致,0,已婚,24 个月以上,一致,0.0,0.0,0.0,0.0,46.0,男
0,其它,初中,一致,0,已婚,24 个月以上,一致,0.0,0.0,0.0,1.0,33.0,男
0,其它,本科以上,一致,0,已婚,24 个月以上,一致,0.0,0.0,0.0,1.0,34.0,男
0,其它,小学,一致,0,已婚,24 个月以上,不一致,0.0,0.0,0.0,1.0,44.0,男
0,其它,初中,一致,0,已婚,24 个月以上,不一致,0.0,0.0,0.0,1.0,58.0,男
0,其它,小学,一致,0,已婚,12-24个月,一致,0.0,0.0,0.0,1.0,45.0,女
0,其它,初中,一致,0,已婚,24 个月以上,不一致,0.0,0.0,0.0,1.0,27.0,男
0,一线城市,本科以上,一致,0,未婚,24 个月以上,一致,0.0,0.0,0.0,1.0,30.0,女
0,其它,初中,一致,0,已婚,24 个月以上,一致,0.0,0.0,0.0,1.0,51.0,男
1,二线城市,小学,一致,0,已婚,12-24个月,不一致,0.0,0.0,0.0,1.0,54.0,男
0,其它,Missing,一致,0,已婚,24 个月以上,一致,0.0,0.0,0.0,1.0,31.0,男
0,其它,初中,一致,0,已婚,24 个月以上,一致,0.0,0.0,0.0,1.0,41.0,男
0,其它,初中,一致,0,未说明,24 个月以上,无记录,0.0,0.0,0.0,1.0,31.0,男
0,其它,初中,一致,0,已婚,24 个月以上,一致,0.0,0.0,0.0,1.0,33.0,男
0,其它,Missing,一致,0,已婚,12-24个月,一致,0.0,0.0,0.0,1.0,29.0,男
0,其它,初中,一致,0,已婚,24 个月以上,不一致,0.0,0.0,0.0,1.0,53.0,男
1,其它,初中,一致,0,已婚,24 个月以上,不一致,0.0,0.0,0.0,1.0,40.0,男
0,其它,初中,一致,0,未婚,12-24个月,不一致,0.0,0.0,0.0,1.0,48.0,男
0,其它,初中,一致,0,已婚,12-24个月,不一致,0.0,0.0,0.0,1.0,60.0,男
0,其它,初中,一致,0,已婚,24 个月以上,一致,0.0,0.0,0.0,1.0,40.0,男
1,其它,初中,一致,1,未婚,,无记录,0.0,1.0,0.0,1.0,35.0,男
1,其它,初中,一致,1,未婚,,无记录,0.0,1.0,0.0,1.0,35.0,男
0,其它,初中,一致,0,未说明,24 个月以上,一致,0.0,0.0,0.0,1.0,38.0,男
0,其它,专科,一致,0,未婚,24 个月以上,一致,0.0,0.0,0.0,1.0,28.0,男
0,二线城市,专科,一致,0,已婚,12-24个月,不一致,0.0,0.0,0.0,1.0,27.0,男
0,其它,初中,一致,0,已婚,24 个月以上,一致,0.0,0.0,0.0,1.0,37.0,女
0,新一线城市,高中,一致,0,已婚,,一致,0.0,0.0,0.0,1.0,53.0,男
0,其它,初中,一致,0,已婚,,一致,0.0,1.0,0.0,0.0,35.0,男
0,其它,初中,一致,0,已婚,,一致,0.0,0.0,0.0,1.0,49.0,男
0,其它,小学,一致,0,已婚,24 个月以上,一致,0.0,0.0,0.0,1.0,48.0,男
0,二线城市,初中,一致,0,已婚,24 个月以上,一致,0.0,0.0,0.0,1.0,36.0,男
1,新一线城市,初中,一致,1,已婚,,无记录,0.0,0.0,0.0,1.0,49.0,男
1,新一线城市,初中,一致,1,已婚,,无记录,0.0,0.0,0.0,1.0,49.0,男
0,二线城市,初中,一致,0,离婚,,无记录,0.0,0.0,0.0,1.0,47.0,男
0,其它,初中,一致,0,已婚,24 个月以上,一致,0.0,0.0,0.0,1.0,34.0,男
1,其它,小学,一致,1,未婚,0-6个月,不一致,0.0,0.0,0.0,1.0,25.0,男
1,其它,小学,一致,1,未婚,0-6个月,不一致,0.0,0.0,0.0,1.0,25.0,男
1,其它,初中,一致,0,未婚,24 个月以上,一致,0.0,1.0,0.0,1.0,44.0,男
1,其它,小学,一致,0,未婚,24 个月以上,一致,0.0,0.0,0.0,0.0,29.0,男
1,其它,小学,一致,0,未婚,24 个月以上,一致,0.0,0.0,0.0,0.0,29.0,男
0,其它,01,一致,0,已婚,12-24个月,一致,0.0,0.0,0.0,1.0,25.0,男
0,其它,专科,一致,0,已婚,24 个月以上,一致,0.0,0.0,0.0,1.0,39.0,男
0,其它,初中,一致,0,离婚,24 个月以上,不一致,0.0,0.0,0.0,1.0,42.0,女
1,其它,初中,一致,0,已婚,6-12个月,不一致,0.0,0.0,0.0,1.0,45.0,男
0,其它,初中,一致,0,已婚,24 个月以上,一致,0.0,0.0,0.0,1.0,37.0,男
0,其它,小学,一致,0,已婚,,无记录,0.0,0.0,0.0,1.0,36.0,男
0,二线城市,初中,一致,0,未婚,12-24个月,一致,0.0,0.0,0.0,1.0,36.0,男
0,其它,初中,一致,0,已婚,24 个月以上,一致,0.0,0.0,0.0,1.0,32.0,男
0,其它,小学,一致,0,已婚,12-24个月,一致,0.0,0.0,0.0,0.0,41.0,男
0,一线城市,Missing,一致,0,已婚,24 个月以上,一致,0.0,0.0,0.0,1.0,24.0,女
1,新一线城市,初中,一致,1,已婚,,无记录,0.0,0.0,0.0,1.0,44.0,男
1,其它,初中,一致,0,未婚,24 个月以上,不一致,0.0,0.0,0.0,1.0,46.0,男
0,其它,初中,一致,0,未婚,24 个月以上,一致,0.0,0.0,0.0,1.0,28.0,男
1,其它,初中,一致,0,未婚,24 个月以上,一致,0.0,0.0,0.0,1.0,32.0,男
1,二线城市,初中,一致,0,已婚,24 个月以上,一致,0.0,0.0,0.0,1.0,45.0,男
1,二线城市,初中,一致,0,已婚,24 个月以上,一致,0.0,0.0,0.0,1.0,45.0,男
0,其它,小学,一致,0,未说明,24 个月以上,一致,0.0,0.0,0.0,1.0,28.0,男
0,其它,专科,一致,0,已婚,12-24个月,一致,0.0,0.0,0.0,1.0,34.0,男
0,其它,Missing,,0,未说明,12-24个月,不一致,0.0,0.0,0.0,0.0,26.0,男
0,一线城市,高中,一致,0,未婚,24 个月以上,一致,0.0,0.0,0.0,1.0,26.0,女
1,其它,小学,一致,0,已婚,24 个月以上,一致,0.0,0.0,0.0,1.0,31.0,男
0,二线城市,Missing,一致,0,未婚,24 个月以上,一致,0.0,0.0,0.0,1.0,25.0,男
0,其它,初中,一致,0,已婚,12-24个月,一致,0.0,0.0,0.0,1.0,46.0,男
0,其它,初中,一致,0,已婚,,一致,0.0,0.0,0.0,1.0,48.0,男
0,其它,初中,一致,0,已婚,,无记录,0.0,0.0,0.0,0.0,31.0,男
0,其它,Missing,一致,0,未说明,24 个月以上,一致,0.0,0.0,0.0,1.0,32.0,男
0,一线城市,小学,一致,0,已婚,24 个月以上,无记录,0.0,0.0,0.0,1.0,28.0,男
0,其它,小学,一致,0,已婚,24 个月以上,一致,0.0,0.0,0.0,1.0,33.0,男
0,二线城市,初中,一致,0,未婚,,一致,0.0,0.0,0.0,1.0,31.0,男
0,其它,初中,一致,0,已婚,24 个月以上,一致,0.0,0.0,0.0,1.0,33.0,女
1,二线城市,初中,一致,0,已婚,,无记录,0.0,1.0,0.0,1.0,36.0,男
0,其它,初中,一致,0,已婚,12-24个月,无记录,0.0,0.0,0.0,1.0,33.0,男
0,一线城市,本科以上,一致,0,已婚,24 个月以上,一致,0.0,0.0,0.0,1.0,32.0,男
0,其它,小学,一致,0,已婚,24 个月以上,一致,0.0,0.0,0.0,1.0,35.0,男
0,其它,初中,一致,0,已婚,24 个月以上,一致,0.0,0.0,0.0,1.0,48.0,男
0,其它,高中,一致,0,已婚,24 个月以上,一致,0.0,0.0,0.0,1.0,53.0,男
1,其它,小学,一致,0,已婚,0-6个月,一致,0.0,0.0,0.0,1.0,24.0,女
1,其它,小学,一致,0,已婚,0-6个月,一致,0.0,0.0,0.0,1.0,24.0,女
1,其它,初中,一致,0,已婚,,不一致,0.0,0.0,0.0,0.0,44.0,男
1,其它,初中,一致,0,已婚,,不一致,0.0,0.0,0.0,0.0,44.0,男
0,二线城市,小学,一致,0,已婚,,无记录,0.0,0.0,0.0,1.0,31.0,男
0,其它,初中,一致,0,已婚,24 个月以上,一致,0.0,0.0,0.0,1.0,38.0,男
0,其它,小学,一致,0,未婚,24 个月以上,一致,0.0,0.0,0.0,1.0,37.0,男
0,其它,小学,一致,0,已婚,24 个月以上,不一致,0.0,0.0,0.0,0.0,41.0,男
1,其它,小学,一致,0,未婚,12-24个月,不一致,0.0,1.0,0.0,1.0,26.0,男
1,其它,小学,一致,0,未婚,12-24个月,不一致,0.0,1.0,0.0,1.0,26.0,男
0,其它,初中,一致,0,已婚,24 个月以上,一致,0.0,0.0,0.0,1.0,33.0,男
1,其它,专科,一致,0,已婚,,无记录,0.0,0.0,0.0,1.0,32.0,男
1,其它,小学,一致,0,已婚,24 个月以上,一致,0.0,0.0,0.0,1.0,30.0,男
0,新一线城市,初中,一致,0,已婚,12-24个月,一致,0.0,0.0,0.0,1.0,40.0,男
0,其它,初中,一致,0,已婚,24 个月以上,不一致,0.0,0.0,0.0,1.0,28.0,男
0,其它,专科,一致,0,未婚,24 个月以上,不一致,0.0,0.0,0.0,1.0,28.0,男
0,其它,初中,一致,0,已婚,24 个月以上,不一致,0.0,0.0,0.0,1.0,33.0,男
1,其它,初中,一致,0,未婚,0-6个月,不一致,0.0,0.0,0.0,1.0,25.0,男
0,其它,Missing,一致,0,未说明,12-24个月,不一致,0.0,0.0,0.0,1.0,48.0,男
0,一线城市,本科以上,一致,0,未婚,24 个月以上,一致,0.0,0.0,0.0,1.0,27.0,男
1,其它,小学,一致,0,未婚,12-24个月,不一致,0.0,0.0,0.0,1.0,34.0,男
1,其它,小学,一致,0,未婚,12-24个月,不一致,0.0,0.0,0.0,1.0,34.0,男
0,其它,小学,一致,0,已婚,12-24个月,不一致,0.0,0.0,0.0,1.0,55.0,男
0,其它,初中,一致,0,未说明,12-24个月,不一致,0.0,0.0,0.0,1.0,50.0,男
0,其它,初中,一致,0,已婚,24 个月以上,一致,0.0,0.0,0.0,1.0,49.0,男
1,其它,高中,一致,1,已婚,24 个月以上,一致,0.0,0.0,0.0,1.0,46.0,男
0,其它,小学,一致,0,已婚,24 个月以上,一致,0.0,0.0,0.0,0.0,34.0,男
1,其它,初中,一致,0,离婚,12-24个月,一致,0.0,0.0,0.0,0.0,30.0,男
0,其它,初中,一致,0,已婚,12-24个月,一致,0.0,0.0,0.0,1.0,36.0,男
0,其它,初中,一致,0,已婚,12-24个月,不一致,0.0,0.0,0.0,1.0,44.0,女
0,其它,技校,一致,0,未婚,12-24个月,一致,0.0,0.0,0.0,1.0,20.0,男
0,其它,专科,一致,0,已婚,24 个月以上,一致,0.0,0.0,0.0,1.0,35.0,女
0,其它,初中,一致,0,已婚,24 个月以上,一致,0.0,0.0,0.0,1.0,32.0,男
0,一线城市,初中,一致,0,已婚,24 个月以上,一致,0.0,0.0,0.0,1.0,42.0,女
0,其它,初中,一致,0,已婚,12-24个月,不一致,0.0,0.0,0.0,1.0,32.0,男
0,其它,初中,一致,0,已婚,12-24个月,一致,0.0,0.0,0.0,1.0,32.0,男
0,其它,小学,一致,0,已婚,24 个月以上,一致,0.0,0.0,0.0,1.0,35.0,女
0,其它,初中,一致,1,已婚,24 个月以上,一致,0.0,0.0,0.0,1.0,47.0,男
0,其它,初中,一致,0,离婚,24 个月以上,一致,0.0,0.0,0.0,1.0,34.0,男
0,,Missing,,0,未说明,24 个月以上,不一致,0.0,0.0,0.0,0.0,,男
0,其它,初中,一致,0,已婚,,一致,0.0,0.0,0.0,1.0,41.0,男
0,其它,初中,一致,0,离婚,24 个月以上,一致,0.0,0.0,0.0,1.0,36.0,女
0,其它,小学,一致,0,未说明,24 个月以上,一致,0.0,0.0,0.0,1.0,46.0,男
0,其它,初中,一致,0,已婚,24 个月以上,一致,0.0,0.0,0.0,1.0,42.0,男
0,其它,初中,一致,0,离婚,,不一致,0.0,0.0,0.0,1.0,47.0,男
1,其它,高中,一致,0,已婚,,一致,0.0,0.0,0.0,1.0,35.0,男
1,其它,高中,一致,0,已婚,,一致,0.0,0.0,0.0,1.0,35.0,男
0,其它,小学,一致,0,已婚,24 个月以上,一致,0.0,0.0,0.0,1.0,42.0,男
0,其它,初中,一致,0,未婚,24 个月以上,一致,0.0,0.0,0.0,1.0,42.0,男
0,其它,初中,一致,0,未婚,,无记录,0.0,0.0,0.0,1.0,24.0,男
1,二线城市,初中,一致,0,已婚,24 个月以上,无记录,0.0,0.0,0.0,1.0,47.0,女
1,二线城市,初中,一致,0,已婚,24 个月以上,无记录,0.0,0.0,0.0,1.0,47.0,女
0,其它,初中,一致,0,未婚,24 个月以上,一致,0.0,0.0,0.0,1.0,33.0,男
0,其它,初中,一致,0,未婚,24 个月以上,一致,0.0,0.0,0.0,1.0,26.0,男
1,新一线城市,初中,一致,0,已婚,6-12个月,一致,0.0,0.0,0.0,1.0,30.0,男
0,其它,专科,一致,0,未婚,,不一致,0.0,0.0,0.0,1.0,28.0,男
1,其它,小学,一致,0,未婚,24 个月以上,一致,0.0,0.0,0.0,1.0,28.0,男
0,其它,Missing,,0,未说明,6-12个月,无记录,0.0,0.0,0.0,0.0,32.0,男
0,二线城市,初中,一致,0,未说明,24 个月以上,不一致,0.0,0.0,0.0,1.0,32.0,男
0,其它,小学,一致,0,未婚,12-24个月,不一致,0.0,0.0,0.0,1.0,36.0,男
1,二线城市,初中,一致,0,已婚,,无记录,0.0,0.0,0.0,1.0,47.0,男
1,新一线城市,高中,一致,0,离婚,,无记录,0.0,0.0,0.0,1.0,30.0,男
1,新一线城市,高中,一致,0,离婚,,无记录,0.0,0.0,0.0,1.0,30.0,男
0,其它,初中,一致,0,已婚,24 个月以上,一致,0.0,0.0,0.0,1.0,31.0,男
0,其它,小学,一致,0,未婚,12-24个月,一致,0.0,0.0,0.0,1.0,27.0,男
0,其它,初中,一致,0,已婚,24 个月以上,一致,0.0,0.0,0.0,1.0,32.0,男
0,其它,小学,一致,0,未婚,24 个月以上,无记录,0.0,0.0,0.0,1.0,26.0,男
0,其它,初中,一致,0,未说明,24 个月以上,一致,0.0,0.0,0.0,0.0,26.0,女
0,其它,初中,一致,0,已婚,24 个月以上,不一致,0.0,0.0,0.0,1.0,36.0,男
1,其它,高中,一致,0,已婚,24 个月以上,不一致,0.0,0.0,0.0,1.0,51.0,男
1,其它,高中,一致,0,已婚,24 个月以上,不一致,0.0,0.0,0.0,1.0,51.0,男
0,二线城市,初中,一致,0,已婚,24 个月以上,一致,0.0,0.0,0.0,1.0,34.0,男
0,一线城市,Missing,一致,0,未说明,24 个月以上,一致,0.0,0.0,0.0,1.0,21.0,男
1,一线城市,Missing,,0,未说明,12-24个月,无记录,0.0,0.0,0.0,0.0,22.0,女
1,一线城市,Missing,,0,未说明,12-24个月,无记录,0.0,0.0,0.0,0.0,22.0,女
0,其它,Missing,一致,0,已婚,12-24个月,一致,0.0,0.0,0.0,1.0,34.0,男
0,新一线城市,高中,一致,0,已婚,24 个月以上,一致,0.0,0.0,0.0,1.0,25.0,男
0,其它,初中,一致,0,未婚,,无记录,0.0,0.0,0.0,1.0,26.0,男
0,其它,Missing,,0,未说明,12-24个月,不一致,0.0,0.0,0.0,0.0,53.0,男
0,其它,Missing,一致,0,已婚,24 个月以上,不一致,0.0,0.0,0.0,1.0,39.0,男
1,其它,初中,一致,0,未婚,24 个月以上,一致,0.0,0.0,0.0,1.0,32.0,女
0,其它,小学,一致,0,已婚,12-24个月,无记录,0.0,0.0,0.0,1.0,41.0,男
0,其它,小学,一致,1,未婚,12-24个月,不一致,0.0,0.0,0.0,1.0,27.0,男
1,新一线城市,初中,一致,0,已婚,6-12个月,不一致,0.0,0.0,0.0,1.0,46.0,男
1,新一线城市,初中,一致,0,已婚,6-12个月,不一致,0.0,0.0,0.0,1.0,46.0,男
0,新一线城市,小学,一致,0,已婚,24 个月以上,不一致,0.0,0.0,0.0,1.0,42.0,男
1,二线城市,初中,一致,0,未婚,12-24个月,一致,0.0,0.0,0.0,1.0,47.0,男
1,二线城市,初中,一致,0,未婚,12-24个月,一致,0.0,0.0,0.0,1.0,47.0,男
0,其它,本科以上,一致,0,已婚,24 个月以上,一致,0.0,0.0,0.0,1.0,34.0,男
0,其它,初中,一致,0,已婚,24 个月以上,不一致,0.0,0.0,0.0,1.0,52.0,女
0,其它,Missing,一致,0,已婚,24 个月以上,一致,0.0,0.0,0.0,1.0,31.0,男
0,其它,初中,一致,0,已婚,24 个月以上,一致,0.0,0.0,0.0,1.0,38.0,女
0,其它,初中,一致,0,已婚,24 个月以上,不一致,0.0,0.0,0.0,1.0,44.0,男
0,其它,小学,一致,0,已婚,24 个月以上,不一致,0.0,0.0,0.0,1.0,36.0,男
0,其它,初中,一致,0,已婚,6-12个月,无记录,0.0,0.0,0.0,1.0,32.0,男
0,其它,初中,一致,0,已婚,24 个月以上,一致,0.0,0.0,0.0,1.0,33.0,男
0,其它,Missing,一致,0,未说明,,一致,0.0,0.0,0.0,1.0,27.0,男
1,其它,初中,一致,0,已婚,6-12个月,不一致,0.0,0.0,0.0,1.0,33.0,男
1,其它,初中,一致,0,已婚,6-12个月,不一致,0.0,0.0,0.0,1.0,33.0,男
0,其它,小学,一致,0,离婚,24 个月以上,一致,0.0,0.0,0.0,1.0,43.0,男
0,一线城市,高中,一致,0,已婚,24 个月以上,一致,0.0,0.0,0.0,1.0,26.0,男
0,一线城市,小学,一致,0,未婚,24 个月以上,一致,0.0,0.0,0.0,1.0,24.0,男
0,其它,小学,一致,0,已婚,24 个月以上,无记录,0.0,0.0,0.0,1.0,43.0,男
0,其它,初中,一致,0,已婚,24 个月以上,一致,0.0,0.0,0.0,1.0,25.0,女
0,二线城市,小学,一致,0,已婚,24 个月以上,不一致,0.0,0.0,0.0,1.0,30.0,女
1,其它,Missing,一致,1,已婚,24 个月以上,一致,0.0,0.0,0.0,1.0,29.0,男
1,其它,Missing,一致,1,已婚,24 个月以上,一致,0.0,0.0,0.0,1.0,29.0,男
0,其它,初中,一致,0,已婚,24 个月以上,一致,0.0,0.0,0.0,1.0,42.0,男
0,其它,小学,一致,0,已婚,24 个月以上,一致,0.0,0.0,0.0,1.0,34.0,女
0,其它,初中,一致,0,已婚,12-24个月,不一致,0.0,0.0,0.0,1.0,55.0,女
0,其它,初中,一致,0,已婚,12-24个月,一致,0.0,1.0,0.0,1.0,29.0,男
0,其它,初中,一致,0,已婚,24 个月以上,不一致,0.0,0.0,0.0,1.0,36.0,男
0,其它,小学,一致,0,已婚,24 个月以上,一致,0.0,0.0,0.0,1.0,32.0,男
0,其它,初中,一致,0,已婚,24 个月以上,一致,0.0,0.0,0.0,1.0,39.0,男
0,其它,初中,一致,1,已婚,24 个月以上,一致,0.0,0.0,0.0,1.0,40.0,男
0,一线城市,专科,一致,0,未婚,24 个月以上,不一致,0.0,0.0,0.0,1.0,27.0,男
0,其它,初中,一致,0,已婚,24 个月以上,一致,0.0,0.0,0.0,1.0,31.0,男
0,一线城市,本科以上,一致,0,未婚,24 个月以上,一致,0.0,0.0,0.0,1.0,30.0,男
0,其它,专科,一致,0,已婚,24 个月以上,一致,0.0,0.0,0.0,1.0,36.0,男
0,其它,小学,一致,0,未婚,6-12个月,一致,0.0,0.0,0.0,1.0,29.0,男
0,二线城市,初中,一致,0,已婚,24 个月以上,无记录,0.0,0.0,0.0,1.0,47.0,女
0,其它,Missing,一致,0,已婚,24 个月以上,一致,0.0,0.0,0.0,1.0,29.0,女
0,二线城市,小学,一致,0,已婚,24 个月以上,一致,0.0,0.0,0.0,1.0,25.0,女
0,其它,初中,一致,0,离婚,24 个月以上,一致,0.0,0.0,0.0,1.0,40.0,男
0,其它,Missing,,0,未说明,24 个月以上,一致,0.0,0.0,0.0,0.0,31.0,男
0,其它,初中,一致,0,已婚,24 个月以上,一致,0.0,0.0,0.0,1.0,35.0,男
0,其它,Missing,一致,0,未说明,24 个月以上,一致,0.0,0.0,0.0,1.0,28.0,男
0,其它,初中,一致,0,未婚,6-12个月,不一致,0.0,0.0,0.0,0.0,36.0,男
1,其它,初中,一致,0,已婚,,不一致,0.0,0.0,0.0,1.0,46.0,女
1,其它,高中,一致,0,已婚,24 个月以上,不一致,0.0,0.0,0.0,1.0,28.0,女
0,二线城市,初中,一致,0,已婚,24 个月以上,一致,0.0,0.0,0.0,1.0,39.0,男
0,二线城市,初中,一致,0,已婚,12-24个月,无记录,0.0,0.0,0.0,1.0,50.0,男
0,其它,小学,一致,0,已婚,24 个月以上,一致,0.0,0.0,0.0,1.0,45.0,男
0,其它,初中,一致,0,已婚,24 个月以上,一致,0.0,0.0,0.0,1.0,39.0,男
0,其它,高中,一致,0,已婚,12-24个月,不一致,0.0,0.0,0.0,1.0,39.0,女
1,其它,小学,一致,0,已婚,6-12个月,不一致,0.0,0.0,0.0,1.0,43.0,男
0,其它,高中,一致,0,未婚,12-24个月,不一致,0.0,0.0,0.0,1.0,30.0,男
0,其它,初中,一致,0,未婚,12-24个月,不一致,0.0,0.0,0.0,1.0,25.0,男
0,其它,初中,一致,0,已婚,24 个月以上,一致,0.0,0.0,0.0,1.0,36.0,男
0,二线城市,初中,一致,0,未婚,,无记录,0.0,0.0,0.0,1.0,29.0,男
0,其它,小学,一致,0,未婚,24 个月以上,不一致,0.0,0.0,0.0,1.0,26.0,男
0,其它,初中,一致,0,已婚,24 个月以上,一致,0.0,0.0,0.0,1.0,38.0,男
0,其它,小学,一致,0,未说明,,无记录,0.0,0.0,0.0,1.0,24.0,男
0,其它,初中,一致,0,未婚,12-24个月,不一致,0.0,0.0,0.0,1.0,21.0,男
0,其它,初中,一致,0,未婚,24 个月以上,一致,0.0,0.0,0.0,1.0,39.0,男
0,其它,小学,一致,0,未婚,12-24个月,不一致,0.0,0.0,0.0,1.0,39.0,男
0,其它,初中,一致,0,已婚,24 个月以上,一致,0.0,0.0,0.0,0.0,35.0,男
0,其它,Missing,一致,0,未说明,24 个月以上,一致,0.0,0.0,0.0,1.0,20.0,男
1,其它,初中,一致,0,未婚,,无记录,0.0,0.0,0.0,1.0,45.0,男
1,新一线城市,初中,一致,1,已婚,,无记录,0.0,0.0,0.0,1.0,42.0,男
1,新一线城市,初中,一致,1,已婚,,无记录,0.0,0.0,0.0,1.0,42.0,男
0,其它,初中,一致,0,已婚,24 个月以上,一致,0.0,0.0,0.0,0.0,48.0,男
0,其它,初中,一致,0,已婚,12-24个月,不一致,0.0,0.0,0.0,1.0,37.0,男
0,其它,初中,一致,0,已婚,24 个月以上,无记录,0.0,0.0,0.0,1.0,47.0,男
0,新一线城市,专科,一致,0,离婚,24 个月以上,不一致,0.0,0.0,0.0,1.0,33.0,男
0,新一线城市,初中,一致,0,未婚,24 个月以上,一致,0.0,0.0,0.0,1.0,30.0,男
0,其它,初中,一致,0,已婚,24 个月以上,不一致,0.0,0.0,0.0,1.0,27.0,女
0,新一线城市,初中,一致,0,已婚,12-24个月,一致,0.0,0.0,0.0,1.0,35.0,女
0,其它,高中,一致,0,未婚,,不一致,0.0,0.0,0.0,1.0,37.0,男
1,新一线城市,高中,一致,1,离婚,,无记录,0.0,0.0,0.0,1.0,46.0,男
0,其它,初中,一致,0,已婚,12-24个月,不一致,0.0,0.0,0.0,1.0,51.0,女
1,其它,小学,一致,0,已婚,24 个月以上,不一致,0.0,0.0,0.0,1.0,33.0,男
0,其它,本科以上,一致,0,已婚,12-24个月,一致,0.0,0.0,0.0,0.0,31.0,男
0,其它,初中,一致,0,已婚,12-24个月,不一致,0.0,0.0,0.0,1.0,41.0,男
0,其它,初中,一致,0,已婚,24 个月以上,一致,0.0,0.0,0.0,1.0,39.0,女
0,二线城市,初中,一致,0,已婚,12-24个月,不一致,0.0,0.0,0.0,1.0,45.0,男
0,其它,小学,一致,0,未婚,6-12个月,无记录,0.0,0.0,0.0,1.0,26.0,男
0,其它,初中,一致,0,已婚,24 个月以上,一致,0.0,0.0,0.0,1.0,47.0,男
0,其它,Missing,一致,0,未说明,24 个月以上,一致,0.0,0.0,0.0,1.0,37.0,男
0,其它,初中,一致,0,未婚,24 个月以上,一致,0.0,1.0,0.0,1.0,29.0,男
1,二线城市,专科,一致,0,已婚,24 个月以上,一致,0.0,0.0,0.0,1.0,39.0,女
0,新一线城市,高中,一致,0,已婚,24 个月以上,一致,0.0,0.0,0.0,1.0,53.0,男
0,二线城市,小学,一致,0,已婚,24 个月以上,一致,0.0,0.0,0.0,1.0,29.0,男
0,其它,高中,一致,0,已婚,12-24个月,一致,0.0,0.0,0.0,1.0,42.0,男
0,其它,初中,一致,0,未说明,24 个月以上,一致,0.0,0.0,0.0,1.0,33.0,男
1,其它,初中,一致,0,未婚,24 个月以上,一致,0.0,0.0,0.0,1.0,30.0,男
0,其它,初中,一致,0,未婚,12-24个月,一致,0.0,0.0,0.0,1.0,35.0,男
0,其它,初中,一致,0,已婚,12-24个月,不一致,0.0,0.0,0.0,1.0,49.0,男
0,其它,初中,一致,0,已婚,,一致,0.0,0.0,0.0,1.0,28.0,男
0,其它,初中,一致,0,未说明,24 个月以上,一致,0.0,0.0,0.0,1.0,38.0,男
0,新一线城市,初中,一致,1,未婚,6-12个月,不一致,0.0,0.0,0.0,1.0,36.0,男
0,其它,初中,一致,0,已婚,12-24个月,不一致,0.0,0.0,0.0,1.0,33.0,男
0,其它,小学,一致,0,已婚,24 个月以上,一致,0.0,0.0,0.0,0.0,38.0,男
0,其它,Missing,一致,0,未说明,12-24个月,不一致,0.0,0.0,0.0,1.0,31.0,男
0,其它,本科以上,一致,0,已婚,24 个月以上,一致,0.0,0.0,0.0,1.0,45.0,男
0,其它,高中,一致,0,已婚,12-24个月,不一致,0.0,0.0,0.0,1.0,49.0,男
0,其它,小学,一致,0,未婚,12-24个月,不一致,0.0,0.0,0.0,1.0,33.0,男
0,一线城市,本科以上,一致,0,未婚,24 个月以上,一致,0.0,0.0,0.0,1.0,36.0,男
0,其它,高中,一致,0,已婚,24 个月以上,一致,0.0,0.0,0.0,1.0,28.0,女
0,二线城市,初中,一致,0,已婚,24 个月以上,一致,0.0,0.0,0.0,1.0,42.0,男
1,二线城市,小学,一致,0,已婚,12-24个月,不一致,0.0,0.0,0.0,1.0,38.0,男
1,二线城市,小学,一致,0,已婚,12-24个月,不一致,0.0,0.0,0.0,1.0,38.0,男
0,其它,初中,一致,0,未婚,,一致,0.0,0.0,0.0,1.0,21.0,男
0,其它,Missing,,0,未说明,24 个月以上,不一致,0.0,0.0,0.0,0.0,40.0,男
0,其它,Missing,一致,0,未说明,,不一致,0.0,0.0,0.0,1.0,30.0,男
0,其它,Missing,,0,未说明,24 个月以上,一致,0.0,0.0,0.0,0.0,34.0,女
0,其它,小学,一致,0,已婚,12-24个月,无记录,0.0,0.0,0.0,1.0,30.0,男
0,其它,小学,一致,0,已婚,12-24个月,不一致,0.0,0.0,0.0,1.0,24.0,男
0,其它,初中,一致,0,未婚,24 个月以上,不一致,0.0,0.0,0.0,1.0,30.0,男
0,其它,初中,一致,0,未婚,,无记录,0.0,0.0,0.0,1.0,49.0,男
0,其它,初中,一致,0,未婚,12-24个月,一致,0.0,0.0,0.0,1.0,35.0,男
0,二线城市,小学,一致,0,未婚,12-24个月,无记录,0.0,0.0,0.0,1.0,25.0,男
0,其它,高中,一致,0,已婚,24 个月以上,不一致,0.0,0.0,0.0,1.0,33.0,男
0,二线城市,小学,一致,0,未婚,24 个月以上,一致,0.0,0.0,0.0,1.0,32.0,男
0,其它,初中,一致,0,已婚,24 个月以上,一致,0.0,0.0,0.0,1.0,28.0,男
0,其它,小学,一致,0,已婚,12-24个月,不一致,0.0,0.0,0.0,1.0,48.0,男
0,其它,初中,一致,0,已婚,24 个月以上,一致,0.0,0.0,0.0,0.0,33.0,男
0,其它,小学,一致,0,已婚,24 个月以上,不一致,0.0,0.0,0.0,1.0,35.0,男
0,其它,初中,一致,0,离婚,24 个月以上,一致,0.0,0.0,0.0,1.0,46.0,男
0,其它,初中,一致,0,未婚,24 个月以上,一致,0.0,0.0,0.0,0.0,25.0,男
1,其它,初中,一致,0,已婚,12-24个月,不一致,0.0,0.0,0.0,1.0,41.0,男
1,其它,初中,一致,0,已婚,12-24个月,不一致,0.0,0.0,0.0,1.0,41.0,男
0,二线城市,小学,一致,1,已婚,0-6个月,不一致,0.0,0.0,1.0,1.0,41.0,男
0,其它,初中,一致,0,离婚,,无记录,0.0,0.0,0.0,1.0,29.0,女
0,其它,小学,一致,0,离婚,12-24个月,不一致,0.0,1.0,0.0,1.0,45.0,男
0,一线城市,高中,一致,0,未婚,24 个月以上,一致,0.0,0.0,0.0,1.0,26.0,男
0,其它,初中,一致,0,已婚,24 个月以上,一致,0.0,0.0,0.0,0.0,32.0,男
1,其它,初中,一致,0,已婚,12-24个月,不一致,0.0,0.0,0.0,1.0,51.0,男
1,其它,初中,一致,0,已婚,12-24个月,不一致,0.0,0.0,0.0,1.0,51.0,男
0,其它,初中,一致,0,已婚,24 个月以上,一致,0.0,0.0,0.0,1.0,48.0,男
0,其它,Missing,不一致,0,未说明,,无记录,0.0,0.0,0.0,0.0,35.0,男
0,,Missing,,0,未说明,24 个月以上,不一致,0.0,0.0,0.0,0.0,,女
0,其它,高中,一致,0,已婚,24 个月以上,一致,0.0,0.0,0.0,1.0,34.0,男
0,一线城市,本科以上,一致,0,已婚,24 个月以上,不一致,0.0,0.0,0.0,1.0,37.0,男
0,其它,初中,一致,0,未说明,12-24个月,一致,0.0,0.0,0.0,1.0,34.0,男
1,其它,初中,一致,0,已婚,24 个月以上,不一致,0.0,0.0,0.0,1.0,34.0,女
1,其它,初中,一致,0,已婚,24 个月以上,不一致,0.0,0.0,0.0,1.0,34.0,女
0,其它,初中,一致,0,已婚,24 个月以上,一致,0.0,0.0,0.0,1.0,45.0,男
0,其它,Missing,,0,未说明,24 个月以上,不一致,0.0,0.0,0.0,0.0,33.0,男
0,其它,小学,一致,0,已婚,24 个月以上,不一致,0.0,0.0,0.0,1.0,24.0,男
0,其它,Missing,一致,0,离婚,24 个月以上,一致,0.0,0.0,0.0,1.0,30.0,男
1,其它,小学,一致,0,已婚,24 个月以上,一致,0.0,0.0,0.0,1.0,28.0,男
0,其它,初中,一致,0,已婚,24 个月以上,不一致,0.0,0.0,0.0,1.0,40.0,男
0,二线城市,初中,一致,0,已婚,24 个月以上,一致,0.0,0.0,0.0,1.0,44.0,男
0,其它,初中,一致,0,已婚,24 个月以上,一致,0.0,0.0,0.0,1.0,56.0,男
0,二线城市,高中,一致,0,已婚,24 个月以上,一致,0.0,0.0,0.0,1.0,52.0,男
1,二线城市,高中,一致,0,已婚,12-24个月,一致,0.0,0.0,0.0,1.0,52.0,男
0,其它,Missing,一致,0,未说明,24 个月以上,不一致,0.0,0.0,0.0,1.0,36.0,男
1,其它,初中,一致,0,已婚,12-24个月,不一致,0.0,0.0,0.0,1.0,28.0,男
1,其它,初中,一致,0,已婚,12-24个月,不一致,0.0,0.0,0.0,1.0,28.0,男
0,其它,初中,一致,0,已婚,24 个月以上,一致,0.0,0.0,0.0,1.0,37.0,男
0,其它,Missing,一致,0,未说明,12-24个月,无记录,0.0,0.0,0.0,1.0,33.0,男
0,其它,初中,一致,0,已婚,24 个月以上,一致,0.0,0.0,0.0,0.0,34.0,男
0,其它,初中,一致,0,已婚,,不一致,0.0,0.0,0.0,1.0,27.0,女
0,其它,初中,一致,0,已婚,12-24个月,一致,0.0,0.0,0.0,1.0,30.0,男
0,其它,初中,一致,0,未说明,24 个月以上,一致,0.0,0.0,0.0,1.0,36.0,男
1,新一线城市,初中,一致,0,未婚,6-12个月,不一致,0.0,0.0,0.0,1.0,42.0,男
1,新一线城市,初中,一致,0,未婚,6-12个月,不一致,0.0,0.0,0.0,1.0,42.0,男
0,其它,初中,一致,0,已婚,24 个月以上,一致,0.0,0.0,0.0,1.0,50.0,男
0,其它,初中,一致,0,已婚,,不一致,0.0,0.0,0.0,0.0,32.0,男
0,其它,小学,一致,0,未婚,24 个月以上,一致,0.0,0.0,0.0,1.0,27.0,男
1,二线城市,Missing,一致,0,未说明,12-24个月,一致,0.0,0.0,0.0,1.0,31.0,女
1,二线城市,Missing,一致,0,未说明,12-24个月,一致,0.0,0.0,0.0,1.0,31.0,女
0,其它,小学,一致,0,已婚,,不一致,0.0,0.0,0.0,1.0,28.0,男
0,其它,初中,一致,0,已婚,12-24个月,不一致,0.0,0.0,0.0,1.0,40.0,男
0,其它,小学,一致,0,已婚,,不一致,0.0,0.0,0.0,1.0,33.0,男
0,其它,小学,一致,0,未说明,24 个月以上,不一致,0.0,0.0,0.0,1.0,23.0,男
0,其它,小学,一致,0,已婚,24 个月以上,一致,0.0,0.0,0.0,1.0,28.0,男
0,其它,初中,一致,0,未婚,12-24个月,不一致,0.0,0.0,0.0,0.0,28.0,男
0,其它,小学,一致,0,未婚,24 个月以上,一致,0.0,0.0,0.0,1.0,38.0,男
0,其它,小学,一致,0,已婚,12-24个月,不一致,0.0,0.0,0.0,1.0,55.0,男
0,其它,初中,一致,0,已婚,12-24个月,不一致,0.0,0.0,0.0,1.0,60.0,男
0,其它,初中,一致,0,已婚,24 个月以上,一致,0.0,0.0,0.0,1.0,39.0,男
1,二线城市,初中,一致,0,已婚,12-24个月,一致,0.0,0.0,0.0,1.0,45.0,男
0,新一线城市,高中,一致,0,已婚,24 个月以上,无记录,0.0,0.0,0.0,1.0,41.0,男
0,一线城市,本科以上,一致,0,未婚,6-12个月,无记录,0.0,0.0,0.0,1.0,29.0,男
1,其它,小学,一致,0,已婚,24 个月以上,无记录,0.0,0.0,0.0,1.0,25.0,男
0,其它,初中,一致,0,未说明,24 个月以上,一致,0.0,0.0,0.0,1.0,31.0,男
0,其它,小学,一致,0,已婚,24 个月以上,一致,0.0,0.0,0.0,1.0,28.0,男
1,其它,小学,一致,0,未婚,12-24个月,不一致,0.0,0.0,0.0,1.0,42.0,男
0,其它,小学,一致,0,已婚,24 个月以上,一致,0.0,0.0,0.0,0.0,32.0,男
0,其它,小学,一致,0,已婚,24 个月以上,一致,0.0,0.0,0.0,1.0,36.0,女
0,其它,Missing,不一致,0,未说明,,无记录,0.0,0.0,0.0,0.0,22.0,男
0,一线城市,本科以上,一致,0,未婚,24 个月以上,不一致,0.0,0.0,0.0,1.0,23.0,男
0,其它,初中,一致,0,已婚,12-24个月,无记录,0.0,0.0,0.0,1.0,53.0,男
0,其它,初中,一致,0,已婚,24 个月以上,不一致,0.0,0.0,0.0,1.0,44.0,男
0,其它,小学,一致,0,已婚,24 个月以上,一致,0.0,0.0,0.0,1.0,38.0,男
0,二线城市,初中,一致,0,未说明,24 个月以上,一致,0.0,0.0,0.0,1.0,37.0,女
0,二线城市,小学,一致,0,未说明,12-24个月,一致,0.0,0.0,0.0,1.0,45.0,男
0,其它,初中,一致,0,已婚,24 个月以上,一致,0.0,0.0,0.0,1.0,29.0,男
0,其它,初中,一致,0,未婚,,无记录,0.0,0.0,0.0,1.0,37.0,男
0,一线城市,高中,一致,0,未婚,6-12个月,无记录,0.0,0.0,0.0,1.0,22.0,女
0,其它,初中,一致,0,已婚,24 个月以上,一致,0.0,0.0,0.0,1.0,33.0,男
0,其它,小学,一致,0,未说明,24 个月以上,一致,0.0,0.0,0.0,0.0,36.0,男
0,其它,初中,一致,0,已婚,12-24个月,不一致,0.0,0.0,0.0,1.0,47.0,男
0,二线城市,初中,一致,0,已婚,12-24个月,一致,0.0,0.0,0.0,1.0,47.0,男
0,其它,小学,一致,0,已婚,,一致,0.0,0.0,0.0,1.0,31.0,男
0,其它,小学,一致,0,已婚,24 个月以上,一致,0.0,0.0,0.0,0.0,39.0,男
0,其它,小学,一致,1,未说明,24 个月以上,一致,0.0,0.0,0.0,1.0,40.0,男
0,其它,Missing,一致,0,未说明,24 个月以上,一致,0.0,0.0,0.0,1.0,25.0,男
0,一线城市,Missing,一致,0,未说明,24 个月以上,无记录,0.0,0.0,0.0,1.0,25.0,女
0,其它,初中,一致,0,未说明,24 个月以上,一致,0.0,0.0,0.0,1.0,35.0,男
0,二线城市,小学,一致,0,未婚,12-24个月,不一致,0.0,0.0,0.0,1.0,32.0,男
0,其它,初中,一致,0,已婚,24 个月以上,无记录,0.0,0.0,0.0,1.0,35.0,男
0,,初中,一致,0,已婚,24 个月以上,一致,0.0,0.0,0.0,1.0,40.0,女
0,其它,小学,一致,0,已婚,,无记录,0.0,0.0,0.0,0.0,49.0,男
0,其它,初中,一致,0,已婚,24 个月以上,一致,0.0,0.0,0.0,1.0,50.0,男
0,其它,高中,一致,0,已婚,24 个月以上,不一致,0.0,0.0,0.0,1.0,47.0,男
0,其它,初中,一致,0,已婚,24 个月以上,一致,0.0,0.0,0.0,1.0,55.0,男
0,一线城市,本科以上,一致,0,离婚,12-24个月,一致,0.0,0.0,0.0,1.0,36.0,男
0,其它,初中,一致,0,已婚,24 个月以上,一致,0.0,0.0,0.0,1.0,30.0,男
0,其它,高中,一致,0,已婚,,无记录,0.0,0.0,0.0,0.0,56.0,女
0,二线城市,小学,一致,0,未婚,12-24个月,一致,0.0,0.0,0.0,1.0,22.0,女
1,其它,初中,一致,0,已婚,12-24个月,不一致,0.0,0.0,0.0,1.0,50.0,男
1,其它,初中,一致,0,已婚,12-24个月,不一致,0.0,0.0,0.0,1.0,50.0,男
1,二线城市,初中,一致,0,已婚,12-24个月,不一致,0.0,0.0,0.0,1.0,37.0,男
1,二线城市,初中,一致,0,已婚,12-24个月,不一致,0.0,0.0,0.0,1.0,37.0,男
0,其它,初中,一致,0,未婚,12-24个月,一致,0.0,0.0,0.0,1.0,35.0,男
0,其它,小学,一致,0,已婚,24 个月以上,一致,0.0,0.0,0.0,1.0,42.0,男
0,其它,高中,一致,0,已婚,24 个月以上,一致,0.0,0.0,0.0,1.0,49.0,男
0,其它,初中,一致,0,已婚,24 个月以上,不一致,0.0,0.0,0.0,1.0,32.0,男
0,其它,小学,一致,0,已婚,24 个月以上,一致,0.0,0.0,0.0,1.0,40.0,男
0,其它,初中,一致,0,已婚,24 个月以上,一致,0.0,0.0,0.0,1.0,41.0,男
0,其它,初中,一致,0,已婚,24 个月以上,一致,0.0,0.0,0.0,1.0,42.0,男
0,其它,小学,一致,0,未婚,24 个月以上,一致,0.0,0.0,0.0,1.0,27.0,男
0,其它,小学,一致,0,未说明,24 个月以上,一致,0.0,0.0,0.0,1.0,27.0,男
0,其它,初中,一致,0,未婚,24 个月以上,不一致,0.0,1.0,0.0,0.0,24.0,男
0,其它,初中,一致,0,已婚,24 个月以上,一致,0.0,0.0,0.0,1.0,29.0,男
0,其它,初中,一致,0,未婚,24 个月以上,一致,0.0,0.0,0.0,1.0,37.0,男
0,其它,Missing,一致,0,未说明,24 个月以上,一致,0.0,0.0,0.0,1.0,25.0,男
0,其它,Missing,一致,0,未说明,,一致,0.0,0.0,0.0,1.0,30.0,男
0,其它,Missing,一致,0,未说明,24 个月以上,一致,0.0,0.0,0.0,1.0,46.0,男
0,其它,高中,一致,0,已婚,24 个月以上,不一致,0.0,0.0,0.0,1.0,49.0,男
0,其它,高中,一致,0,已婚,24 个月以上,一致,0.0,0.0,0.0,1.0,28.0,男
0,其它,初中,一致,0,已婚,24 个月以上,一致,0.0,0.0,0.0,1.0,40.0,男
1,其它,小学,一致,0,已婚,24 个月以上,一致,0.0,0.0,0.0,1.0,42.0,男
1,其它,小学,一致,0,已婚,24 个月以上,一致,0.0,0.0,0.0,1.0,42.0,男
0,其它,专科,一致,0,已婚,12-24个月,一致,0.0,0.0,0.0,1.0,29.0,女
0,二线城市,初中,一致,0,未婚,24 个月以上,一致,0.0,0.0,0.0,1.0,25.0,女
0,二线城市,初中,一致,0,已婚,24 个月以上,一致,0.0,0.0,0.0,1.0,44.0,男
0,其它,初中,一致,0,未说明,12-24个月,无记录,0.0,0.0,0.0,1.0,34.0,男
0,其它,Missing,一致,0,未说明,24 个月以上,一致,0.0,0.0,0.0,1.0,37.0,男
0,其它,初中,一致,0,已婚,12-24个月,不一致,0.0,0.0,0.0,1.0,36.0,男
0,一线城市,Missing,一致,0,未说明,24 个月以上,一致,0.0,0.0,0.0,1.0,28.0,男
1,二线城市,初中,一致,1,离婚,,无记录,0.0,0.0,0.0,1.0,44.0,男
1,二线城市,初中,一致,1,离婚,,无记录,0.0,0.0,0.0,1.0,44.0,男
0,其它,初中,一致,0,已婚,24 个月以上,无记录,0.0,0.0,0.0,1.0,42.0,男
0,其它,小学,一致,0,未说明,6-12个月,无记录,0.0,0.0,0.0,1.0,24.0,男
0,其它,技校,一致,0,已婚,24 个月以上,一致,0.0,0.0,0.0,0.0,36.0,男
0,其它,初中,一致,0,已婚,24 个月以上,一致,0.0,0.0,0.0,1.0,25.0,男
0,一线城市,Missing,一致,0,已婚,24 个月以上,一致,0.0,0.0,0.0,1.0,27.0,女
0,其它,初中,一致,0,已婚,24 个月以上,一致,0.0,0.0,0.0,1.0,40.0,男
1,其它,专科,一致,0,已婚,,无记录,0.0,0.0,0.0,0.0,64.0,男
1,其它,专科,一致,0,已婚,,无记录,0.0,0.0,0.0,0.0,64.0,男
0,其它,初中,一致,0,已婚,24 个月以上,一致,0.0,0.0,0.0,1.0,43.0,男
0,其它,初中,一致,1,离婚,24 个月以上,一致,0.0,0.0,0.0,1.0,49.0,女
0,其它,初中,一致,0,已婚,24 个月以上,不一致,0.0,0.0,0.0,1.0,43.0,女
0,其它,初中,一致,0,已婚,,无记录,0.0,1.0,0.0,1.0,38.0,男
0,其它,初中,一致,0,已婚,24 个月以上,一致,0.0,0.0,0.0,1.0,35.0,男
0,二线城市,小学,一致,0,已婚,24 个月以上,一致,0.0,0.0,0.0,1.0,33.0,男
0,新一线城市,专科,一致,0,已婚,24 个月以上,不一致,0.0,0.0,0.0,1.0,29.0,女
0,其它,初中,一致,0,未婚,,一致,0.0,0.0,0.0,1.0,28.0,女
0,其它,初中,一致,0,已婚,24 个月以上,一致,0.0,0.0,0.0,1.0,37.0,男
0,其它,初中,一致,0,已婚,24 个月以上,一致,0.0,0.0,0.0,0.0,33.0,男
0,其它,小学,一致,0,已婚,24 个月以上,不一致,0.0,0.0,0.0,0.0,27.0,男
0,其它,初中,一致,0,已婚,24 个月以上,一致,0.0,0.0,0.0,0.0,36.0,男
0,其它,初中,一致,0,未说明,12-24个月,无记录,0.0,0.0,0.0,1.0,34.0,男
0,其它,初中,一致,0,已婚,24 个月以上,不一致,0.0,0.0,0.0,1.0,50.0,男
0,其它,初中,一致,0,已婚,24 个月以上,不一致,0.0,0.0,0.0,1.0,28.0,女
0,其它,初中,一致,0,已婚,,无记录,0.0,0.0,0.0,1.0,53.0,男
0,一线城市,本科以上,一致,0,未说明,24 个月以上,一致,0.0,0.0,0.0,1.0,25.0,男
0,其它,初中,一致,0,离婚,,一致,0.0,0.0,0.0,1.0,32.0,男
0,其它,初中,一致,0,已婚,12-24个月,一致,0.0,0.0,0.0,1.0,53.0,男
0,一线城市,本科以上,一致,0,已婚,24 个月以上,一致,0.0,0.0,0.0,1.0,32.0,女
0,其它,初中,一致,0,离婚,,不一致,0.0,0.0,0.0,1.0,31.0,女
1,二线城市,高中,一致,0,已婚,12-24个月,无记录,0.0,0.0,0.0,1.0,38.0,男
0,二线城市,初中,一致,0,已婚,6-12个月,不一致,0.0,0.0,0.0,1.0,36.0,男
0,其它,小学,一致,0,已婚,24 个月以上,无记录,0.0,0.0,0.0,1.0,42.0,男
0,其它,Missing,一致,0,未说明,24 个月以上,一致,0.0,0.0,0.0,1.0,25.0,男
0,其它,初中,一致,0,未说明,24 个月以上,一致,0.0,0.0,0.0,1.0,41.0,男
0,其它,初中,一致,0,已婚,24 个月以上,一致,0.0,0.0,0.0,1.0,33.0,男
0,二线城市,初中,一致,0,未婚,24 个月以上,一致,0.0,0.0,0.0,1.0,31.0,男
1,其它,小学,一致,0,已婚,24 个月以上,一致,0.0,0.0,0.0,1.0,33.0,男
1,其它,小学,一致,0,已婚,24 个月以上,一致,0.0,0.0,0.0,1.0,33.0,男
0,二线城市,小学,一致,0,已婚,24 个月以上,一致,0.0,0.0,0.0,0.0,30.0,男
0,其它,初中,一致,0,已婚,24 个月以上,不一致,0.0,0.0,0.0,1.0,34.0,女
0,其它,初中,一致,0,已婚,24 个月以上,不一致,0.0,0.0,0.0,1.0,37.0,男
0,一线城市,高中,一致,0,已婚,24 个月以上,一致,0.0,0.0,0.0,1.0,43.0,男
0,其它,初中,一致,0,未婚,12-24个月,无记录,0.0,0.0,0.0,1.0,31.0,男
0,其它,高中,一致,0,已婚,,一致,0.0,0.0,0.0,1.0,46.0,男
1,其它,小学,一致,0,已婚,24 个月以上,无记录,0.0,0.0,0.0,1.0,33.0,男
0,其它,小学,一致,0,未说明,24 个月以上,一致,0.0,0.0,0.0,1.0,41.0,男
0,其它,初中,一致,0,离婚,12-24个月,一致,0.0,0.0,0.0,1.0,42.0,男
0,其它,初中,一致,0,已婚,24 个月以上,一致,0.0,0.0,0.0,1.0,46.0,女
0,其它,Missing,一致,0,未说明,12-24个月,不一致,0.0,0.0,0.0,1.0,21.0,男
0,其它,初中,一致,0,已婚,,无记录,0.0,0.0,0.0,0.0,48.0,男
0,其它,初中,一致,0,已婚,24 个月以上,一致,0.0,0.0,0.0,1.0,44.0,男
0,一线城市,Missing,不一致,0,未说明,,无记录,0.0,0.0,0.0,0.0,27.0,男
0,新一线城市,初中,一致,1,已婚,24 个月以上,无记录,0.0,0.0,0.0,1.0,44.0,女
0,其它,高中,一致,0,已婚,12-24个月,不一致,0.0,0.0,0.0,0.0,44.0,男
0,其它,初中,一致,0,已婚,24 个月以上,一致,0.0,0.0,0.0,1.0,41.0,男
0,其它,小学,一致,0,未说明,6-12个月,无记录,0.0,0.0,0.0,1.0,24.0,男
0,其它,本科以上,一致,0,未婚,24 个月以上,一致,0.0,0.0,0.0,1.0,29.0,男
0,其它,Missing,一致,0,未说明,12-24个月,一致,0.0,0.0,0.0,1.0,27.0,男
0,其它,Missing,一致,0,未说明,24 个月以上,一致,0.0,0.0,0.0,1.0,29.0,男
0,其它,初中,一致,0,已婚,24 个月以上,一致,0.0,0.0,0.0,1.0,45.0,男
0,其它,初中,一致,0,已婚,24 个月以上,一致,0.0,0.0,0.0,1.0,60.0,女
0,其它,初中,一致,0,未说明,0-6个月,不一致,0.0,0.0,0.0,1.0,39.0,男
0,二线城市,初中,一致,0,未说明,24 个月以上,无记录,0.0,0.0,0.0,1.0,51.0,男
0,其它,Missing,一致,0,未说明,24 个月以上,不一致,0.0,0.0,0.0,1.0,45.0,男
0,其它,初中,一致,0,已婚,24 个月以上,无记录,0.0,0.0,0.0,1.0,41.0,男
0,其它,初中,一致,0,已婚,24 个月以上,一致,0.0,0.0,0.0,1.0,44.0,男
0,其它,初中,一致,0,已婚,12-24个月,无记录,0.0,0.0,0.0,1.0,42.0,男
0,其它,小学,一致,0,已婚,24 个月以上,无记录,0.0,0.0,0.0,1.0,51.0,男
0,一线城市,本科以上,一致,0,未说明,12-24个月,无记录,0.0,0.0,0.0,1.0,29.0,男
0,其它,高中,一致,0,已婚,24 个月以上,一致,0.0,0.0,0.0,1.0,33.0,男
0,其它,初中,一致,0,已婚,24 个月以上,一致,0.0,0.0,0.0,1.0,52.0,女
0,其它,初中,一致,1,已婚,24 个月以上,不一致,0.0,0.0,0.0,1.0,25.0,男
0,一线城市,本科以上,一致,0,未婚,24 个月以上,一致,0.0,0.0,0.0,1.0,24.0,男
0,其它,小学,一致,0,已婚,12-24个月,不一致,0.0,0.0,0.0,1.0,48.0,男
0,新一线城市,初中,一致,0,已婚,6-12个月,不一致,0.0,0.0,0.0,1.0,31.0,男
0,其它,初中,一致,0,未婚,12-24个月,不一致,0.0,0.0,0.0,1.0,32.0,男
0,其它,初中,一致,0,已婚,,一致,0.0,0.0,0.0,1.0,50.0,男
0,其它,小学,一致,0,已婚,24 个月以上,一致,0.0,0.0,0.0,0.0,35.0,女
0,其它,高中,一致,0,已婚,24 个月以上,不一致,0.0,0.0,0.0,1.0,36.0,男
0,其它,初中,一致,0,已婚,24 个月以上,一致,0.0,0.0,0.0,0.0,33.0,男
0,其它,Missing,一致,0,已婚,24 个月以上,不一致,0.0,0.0,0.0,1.0,33.0,男
0,其它,初中,一致,0,已婚,24 个月以上,一致,0.0,0.0,0.0,1.0,39.0,男
0,其它,小学,一致,0,未婚,12-24个月,不一致,0.0,0.0,0.0,1.0,33.0,男
0,其它,初中,一致,0,已婚,24 个月以上,一致,0.0,0.0,0.0,1.0,33.0,男
0,其它,初中,一致,0,未婚,24 个月以上,一致,0.0,0.0,0.0,1.0,30.0,男
0,其它,小学,一致,0,未婚,24 个月以上,不一致,0.0,0.0,0.0,1.0,29.0,男
1,新一线城市,Missing,,0,未说明,,无记录,0.0,0.0,0.0,0.0,26.0,男
1,新一线城市,Missing,,0,未说明,,无记录,0.0,0.0,0.0,0.0,26.0,男
0,其它,高中,一致,0,已婚,24 个月以上,一致,0.0,0.0,0.0,1.0,47.0,女
1,其它,高中,一致,0,已婚,24 个月以上,一致,0.0,0.0,0.0,1.0,32.0,男
1,其它,高中,一致,0,已婚,24 个月以上,一致,0.0,0.0,0.0,1.0,32.0,男
0,其它,初中,一致,0,已婚,12-24个月,一致,0.0,0.0,0.0,1.0,33.0,女
0,其它,高中,一致,0,离婚,24 个月以上,不一致,0.0,0.0,0.0,1.0,33.0,男
0,其它,初中,一致,1,未婚,,不一致,0.0,0.0,0.0,1.0,27.0,男
1,其它,初中,一致,0,已婚,24 个月以上,一致,0.0,0.0,0.0,1.0,32.0,女
1,其它,初中,一致,0,已婚,24 个月以上,一致,0.0,0.0,0.0,1.0,32.0,女
1,其它,高中,一致,0,离婚,0-6个月,不一致,0.0,0.0,0.0,1.0,52.0,男
0,其它,初中,一致,0,已婚,24 个月以上,一致,0.0,0.0,0.0,1.0,45.0,男
0,其它,小学,一致,0,未婚,12-24个月,一致,0.0,0.0,0.0,0.0,24.0,男
0,其它,小学,一致,0,已婚,24 个月以上,不一致,0.0,0.0,0.0,1.0,45.0,女
0,其它,初中,一致,0,已婚,12-24个月,一致,0.0,0.0,0.0,0.0,34.0,男
0,其它,高中,一致,0,已婚,12-24个月,一致,0.0,0.0,0.0,1.0,35.0,男
0,其它,初中,一致,0,离婚,24 个月以上,一致,0.0,0.0,0.0,1.0,48.0,男
0,其它,专科,一致,0,未婚,24 个月以上,一致,0.0,0.0,0.0,1.0,27.0,男
1,其它,初中,一致,0,已婚,6-12个月,不一致,0.0,0.0,0.0,1.0,33.0,男
1,其它,初中,一致,0,已婚,6-12个月,不一致,0.0,0.0,0.0,1.0,33.0,男
0,其它,高中,一致,0,已婚,24 个月以上,不一致,0.0,0.0,0.0,1.0,43.0,男
0,其它,初中,一致,0,已婚,12-24个月,一致,0.0,0.0,0.0,1.0,32.0,男
0,二线城市,初中,一致,0,已婚,24 个月以上,一致,0.0,0.0,0.0,1.0,41.0,男
0,其它,Missing,一致,0,已婚,24 个月以上,一致,0.0,0.0,0.0,1.0,30.0,男
0,其它,初中,一致,0,未婚,24 个月以上,不一致,0.0,0.0,0.0,1.0,33.0,男
0,其它,初中,一致,0,已婚,24 个月以上,一致,0.0,0.0,0.0,1.0,44.0,男
0,一线城市,小学,一致,0,已婚,12-24个月,不一致,0.0,0.0,0.0,1.0,26.0,女
0,其它,初中,一致,0,已婚,,无记录,0.0,0.0,0.0,0.0,34.0,男
0,其它,初中,一致,0,已婚,24 个月以上,无记录,0.0,0.0,0.0,1.0,41.0,男
0,其它,初中,一致,0,已婚,24 个月以上,一致,0.0,0.0,0.0,1.0,41.0,男
0,其它,小学,一致,0,已婚,24 个月以上,一致,0.0,0.0,0.0,1.0,40.0,男
0,其它,小学,一致,0,已婚,24 个月以上,一致,0.0,0.0,0.0,1.0,43.0,男
0,一线城市,专科,一致,0,未婚,24 个月以上,无记录,0.0,0.0,0.0,1.0,27.0,女
1,二线城市,小学,一致,0,未婚,12-24个月,一致,0.0,0.0,0.0,1.0,28.0,男
0,其它,初中,一致,0,未婚,24 个月以上,不一致,0.0,0.0,0.0,1.0,32.0,男
0,其它,小学,一致,0,已婚,24 个月以上,一致,0.0,0.0,0.0,1.0,37.0,女
0,其它,小学,一致,0,未说明,24 个月以上,一致,0.0,0.0,0.0,1.0,34.0,男
0,一线城市,本科以上,一致,0,未婚,24 个月以上,一致,0.0,0.0,0.0,1.0,29.0,男
1,新一线城市,初中,一致,1,已婚,6-12个月,不一致,0.0,0.0,0.0,1.0,41.0,男
1,新一线城市,初中,一致,1,已婚,6-12个月,不一致,0.0,0.0,0.0,1.0,41.0,男
0,其它,初中,一致,0,已婚,24 个月以上,不一致,0.0,0.0,0.0,1.0,43.0,男
0,其它,初中,一致,0,已婚,24 个月以上,一致,0.0,0.0,0.0,1.0,49.0,男
0,新一线城市,初中,一致,0,已婚,12-24个月,一致,0.0,0.0,0.0,1.0,34.0,女
0,其它,初中,一致,0,已婚,,不一致,0.0,0.0,0.0,1.0,59.0,男
0,一线城市,本科以上,一致,0,已婚,24 个月以上,一致,0.0,0.0,0.0,1.0,30.0,男
0,其它,初中,一致,0,未婚,24 个月以上,一致,0.0,0.0,0.0,1.0,28.0,男
0,其它,初中,一致,0,未婚,24 个月以上,一致,0.0,0.0,0.0,1.0,41.0,女
0,其它,小学,一致,0,未婚,24 个月以上,一致,0.0,0.0,0.0,1.0,29.0,男
0,其它,初中,一致,0,未婚,24 个月以上,一致,0.0,0.0,0.0,1.0,33.0,男
0,其它,小学,一致,0,已婚,12-24个月,不一致,0.0,0.0,0.0,1.0,40.0,女
1,其它,小学,一致,1,已婚,24 个月以上,无记录,0.0,0.0,0.0,1.0,31.0,男
0,其它,专科,一致,0,已婚,24 个月以上,一致,0.0,0.0,0.0,1.0,42.0,男
0,其它,小学,一致,0,未婚,24 个月以上,无记录,0.0,0.0,0.0,1.0,35.0,男
0,新一线城市,初中,一致,0,未婚,,一致,0.0,0.0,0.0,1.0,35.0,男
0,其它,小学,一致,0,已婚,24 个月以上,一致,0.0,0.0,0.0,1.0,32.0,男
0,其它,小学,一致,0,已婚,24 个月以上,不一致,0.0,0.0,0.0,1.0,26.0,男
0,其它,初中,一致,0,未婚,24 个月以上,无记录,0.0,0.0,0.0,1.0,34.0,女
0,其它,高中,一致,0,未说明,24 个月以上,一致,0.0,0.0,0.0,1.0,40.0,男
0,其它,初中,一致,0,未说明,24 个月以上,一致,0.0,0.0,0.0,1.0,26.0,男
0,其它,Missing,一致,0,未说明,24 个月以上,一致,0.0,0.0,0.0,1.0,29.0,男
0,其它,初中,一致,0,已婚,24 个月以上,不一致,0.0,0.0,0.0,0.0,40.0,男
0,其它,小学,一致,0,已婚,12-24个月,一致,0.0,0.0,0.0,1.0,56.0,女
0,其它,初中,一致,0,已婚,,一致,0.0,0.0,0.0,1.0,36.0,男
1,其它,小学,一致,0,未说明,,不一致,0.0,0.0,0.0,1.0,21.0,男
1,其它,小学,一致,0,未说明,,不一致,0.0,0.0,0.0,1.0,21.0,男
0,新一线城市,初中,一致,0,已婚,12-24个月,不一致,0.0,0.0,0.0,1.0,49.0,男
0,其它,初中,一致,0,未说明,12-24个月,不一致,0.0,0.0,0.0,1.0,40.0,男
0,其它,小学,一致,0,已婚,24 个月以上,一致,0.0,0.0,0.0,1.0,35.0,男
0,其它,初中,一致,0,已婚,24 个月以上,不一致,0.0,0.0,0.0,1.0,35.0,男
0,新一线城市,Missing,一致,0,未说明,12-24个月,不一致,0.0,0.0,0.0,1.0,26.0,男
0,其它,初中,一致,0,已婚,24 个月以上,一致,0.0,0.0,0.0,1.0,28.0,男
0,其它,初中,一致,0,已婚,24 个月以上,一致,0.0,0.0,0.0,1.0,44.0,男
1,其它,小学,一致,0,未婚,,无记录,0.0,0.0,0.0,1.0,26.0,男
0,其它,高中,一致,0,已婚,,无记录,0.0,0.0,0.0,0.0,53.0,男
0,二线城市,初中,一致,0,未婚,24 个月以上,一致,0.0,0.0,0.0,1.0,32.0,男
1,其它,高中,一致,0,未婚,24 个月以上,无记录,0.0,0.0,0.0,0.0,25.0,男
1,其它,高中,一致,0,未婚,24 个月以上,无记录,0.0,0.0,0.0,0.0,25.0,男
0,其它,初中,一致,0,已婚,24 个月以上,一致,0.0,0.0,0.0,0.0,40.0,男
0,其它,初中,一致,0,已婚,24 个月以上,一致,0.0,0.0,0.0,0.0,43.0,男
0,一线城市,本科以上,一致,0,未婚,24 个月以上,一致,0.0,0.0,0.0,1.0,32.0,男
0,其它,Missing,一致,0,未说明,12-24个月,一致,0.0,0.0,0.0,1.0,30.0,男
0,其它,初中,一致,0,已婚,24 个月以上,一致,0.0,0.0,0.0,1.0,26.0,女
0,其它,高中,一致,0,已婚,,一致,0.0,0.0,0.0,1.0,44.0,男
0,其它,初中,一致,0,未婚,24 个月以上,不一致,0.0,0.0,0.0,1.0,35.0,女
0,其它,初中,一致,0,已婚,24 个月以上,不一致,0.0,0.0,0.0,1.0,44.0,男
0,其它,初中,一致,0,已婚,24 个月以上,一致,0.0,0.0,0.0,1.0,32.0,男
0,其它,初中,一致,0,未婚,24 个月以上,一致,0.0,0.0,0.0,1.0,37.0,男
1,其它,高中,一致,0,已婚,12-24个月,一致,0.0,0.0,0.0,1.0,47.0,女
0,二线城市,初中,一致,0,已婚,24 个月以上,无记录,0.0,0.0,0.0,1.0,29.0,男
0,其它,Missing,,0,未说明,24 个月以上,无记录,0.0,0.0,0.0,0.0,40.0,男
0,其它,Missing,一致,0,未说明,24 个月以上,一致,0.0,0.0,0.0,1.0,27.0,男
0,其它,初中,一致,0,未说明,24 个月以上,一致,0.0,0.0,0.0,1.0,46.0,男
0,其它,初中,一致,0,已婚,12-24个月,一致,0.0,0.0,0.0,1.0,28.0,男
1,其它,高中,一致,0,未婚,12-24个月,不一致,0.0,0.0,0.0,1.0,23.0,男
0,一线城市,小学,一致,0,未婚,24 个月以上,不一致,0.0,0.0,0.0,1.0,27.0,男
0,其它,初中,一致,0,未说明,12-24个月,不一致,0.0,0.0,0.0,1.0,25.0,男
0,其它,Missing,,0,未说明,,无记录,0.0,0.0,0.0,0.0,38.0,男
0,其它,初中,一致,1,已婚,24 个月以上,一致,0.0,1.0,0.0,1.0,39.0,男
0,其它,初中,一致,0,未说明,12-24个月,一致,0.0,0.0,0.0,0.0,35.0,女
0,其它,初中,一致,0,已婚,24 个月以上,一致,0.0,0.0,0.0,1.0,47.0,男
0,二线城市,初中,一致,0,已婚,24 个月以上,一致,0.0,0.0,0.0,1.0,31.0,男
0,其它,小学,一致,0,已婚,6-12个月,无记录,0.0,0.0,0.0,0.0,28.0,男
0,二线城市,初中,一致,0,未婚,24 个月以上,一致,0.0,0.0,0.0,1.0,38.0,男
1,二线城市,小学,一致,0,已婚,12-24个月,一致,0.0,0.0,0.0,1.0,39.0,男
1,二线城市,小学,一致,0,已婚,12-24个月,一致,0.0,0.0,0.0,1.0,39.0,男
0,其它,初中,一致,0,已婚,12-24个月,不一致,0.0,0.0,0.0,1.0,38.0,女
0,其它,初中,一致,0,已婚,24 个月以上,一致,0.0,0.0,0.0,1.0,34.0,男
0,其它,初中,一致,0,未说明,12-24个月,无记录,0.0,0.0,0.0,1.0,39.0,女
0,其它,初中,一致,0,未婚,24 个月以上,不一致,0.0,0.0,0.0,1.0,31.0,男
0,其它,高中,一致,1,已婚,24 个月以上,一致,0.0,0.0,0.0,1.0,60.0,男
0,其它,Missing,一致,0,未婚,24 个月以上,不一致,0.0,0.0,0.0,1.0,27.0,男
0,二线城市,初中,一致,0,已婚,6-12个月,不一致,0.0,0.0,0.0,1.0,32.0,男
1,其它,初中,一致,0,已婚,24 个月以上,一致,0.0,0.0,0.0,1.0,30.0,男
0,新一线城市,初中,一致,0,已婚,12-24个月,一致,0.0,0.0,0.0,1.0,37.0,男
0,其它,初中,一致,0,已婚,24 个月以上,不一致,0.0,0.0,0.0,1.0,30.0,女
0,二线城市,初中,一致,0,已婚,24 个月以上,一致,0.0,0.0,0.0,1.0,48.0,男
1,二线城市,初中,一致,0,已婚,24 个月以上,一致,0.0,0.0,0.0,1.0,44.0,男
1,二线城市,初中,一致,0,已婚,24 个月以上,一致,0.0,0.0,0.0,1.0,44.0,男
0,其它,初中,一致,0,已婚,24 个月以上,一致,0.0,0.0,0.0,1.0,42.0,男
0,其它,高中,一致,0,已婚,24 个月以上,一致,1.0,1.0,0.0,1.0,37.0,男
0,二线城市,小学,一致,0,已婚,12-24个月,一致,0.0,0.0,0.0,1.0,26.0,男
0,其它,初中,一致,0,已婚,24 个月以上,一致,0.0,0.0,0.0,1.0,48.0,男
0,其它,小学,一致,0,未婚,24 个月以上,一致,0.0,0.0,0.0,0.0,32.0,女
0,其它,Missing,一致,1,已婚,0-6个月,不一致,0.0,0.0,0.0,1.0,53.0,男
0,其它,小学,一致,0,已婚,12-24个月,不一致,0.0,0.0,0.0,1.0,50.0,男
0,新一线城市,小学,一致,0,未婚,24 个月以上,一致,0.0,0.0,0.0,1.0,23.0,男
0,其它,初中,一致,0,未说明,24 个月以上,一致,0.0,0.0,0.0,1.0,28.0,男
0,其它,初中,一致,0,未说明,24 个月以上,一致,0.0,0.0,0.0,1.0,36.0,男
0,其它,初中,一致,0,已婚,24 个月以上,一致,0.0,0.0,0.0,1.0,37.0,男
0,一线城市,小学,一致,0,未婚,24 个月以上,一致,0.0,0.0,0.0,0.0,25.0,男
0,一线城市,本科以上,一致,0,已婚,24 个月以上,一致,0.0,0.0,0.0,1.0,32.0,男
0,其它,小学,一致,0,已婚,24 个月以上,一致,0.0,0.0,0.0,1.0,48.0,男
0,其它,初中,一致,0,未婚,,无记录,0.0,0.0,0.0,1.0,49.0,男
0,其它,初中,一致,0,未说明,,无记录,0.0,0.0,0.0,1.0,37.0,男
1,其它,初中,一致,0,已婚,24 个月以上,不一致,0.0,0.0,0.0,1.0,37.0,男
0,二线城市,初中,一致,0,已婚,24 个月以上,一致,0.0,0.0,0.0,1.0,25.0,男
0,其它,小学,一致,0,已婚,24 个月以上,无记录,0.0,0.0,0.0,0.0,52.0,女
1,其它,小学,一致,0,未婚,,无记录,0.0,0.0,0.0,0.0,32.0,男
0,二线城市,小学,一致,0,已婚,24 个月以上,一致,0.0,0.0,0.0,1.0,63.0,男
1,其它,初中,一致,1,已婚,24 个月以上,不一致,0.0,0.0,0.0,1.0,40.0,女
0,其它,小学,一致,0,未婚,24 个月以上,一致,0.0,0.0,0.0,1.0,29.0,男
1,其它,初中,一致,0,已婚,0-6个月,不一致,0.0,0.0,0.0,1.0,36.0,男
0,一线城市,专科,一致,0,未婚,12-24个月,无记录,0.0,0.0,0.0,1.0,26.0,男
0,其它,小学,一致,0,未婚,12-24个月,不一致,0.0,0.0,0.0,1.0,28.0,男
0,其它,Missing,一致,0,未说明,12-24个月,一致,0.0,0.0,0.0,1.0,27.0,男
0,新一线城市,初中,一致,0,已婚,24 个月以上,不一致,0.0,0.0,0.0,1.0,48.0,女
0,其它,初中,一致,0,已婚,24 个月以上,不一致,0.0,0.0,0.0,1.0,30.0,男
0,其它,小学,一致,0,未说明,12-24个月,一致,0.0,0.0,0.0,1.0,28.0,女
0,其它,初中,一致,0,已婚,24 个月以上,不一致,0.0,0.0,0.0,1.0,29.0,男
0,其它,Missing,一致,0,未婚,12-24个月,不一致,0.0,0.0,0.0,1.0,23.0,女
1,其它,初中,一致,1,已婚,6-12个月,不一致,0.0,0.0,1.0,1.0,49.0,男
1,其它,初中,一致,0,已婚,24 个月以上,一致,0.0,0.0,0.0,1.0,35.0,男
0,其它,小学,一致,0,未婚,12-24个月,不一致,0.0,0.0,0.0,1.0,26.0,男
0,其它,初中,一致,0,已婚,,无记录,0.0,0.0,0.0,1.0,33.0,男
0,其它,初中,一致,0,未婚,24 个月以上,无记录,0.0,0.0,0.0,1.0,31.0,男
1,新一线城市,初中,一致,0,已婚,,无记录,0.0,0.0,0.0,1.0,34.0,男
1,新一线城市,初中,一致,0,已婚,,无记录,0.0,0.0,0.0,1.0,34.0,男
0,其它,初中,一致,0,已婚,24 个月以上,一致,0.0,0.0,0.0,1.0,40.0,男
0,其它,初中,一致,0,未婚,24 个月以上,一致,0.0,0.0,0.0,1.0,33.0,男
0,其它,小学,一致,0,未婚,,无记录,0.0,0.0,0.0,0.0,22.0,男
0,其它,初中,一致,0,已婚,24 个月以上,一致,0.0,0.0,0.0,0.0,38.0,男
0,其它,初中,一致,0,已婚,24 个月以上,一致,0.0,0.0,0.0,1.0,43.0,男
0,其它,初中,一致,0,未说明,24 个月以上,一致,0.0,0.0,0.0,1.0,38.0,男
0,其它,初中,一致,0,已婚,12-24个月,无记录,0.0,0.0,0.0,1.0,53.0,男
0,其它,初中,一致,0,已婚,,一致,0.0,0.0,0.0,1.0,47.0,男
0,其它,初中,一致,0,未婚,,无记录,0.0,0.0,0.0,1.0,27.0,男
0,其它,初中,一致,0,未说明,24 个月以上,一致,0.0,0.0,0.0,1.0,35.0,男
0,其它,初中,一致,0,已婚,24 个月以上,一致,0.0,0.0,0.0,1.0,32.0,男
0,其它,初中,一致,0,未婚,12-24个月,无记录,0.0,0.0,0.0,1.0,45.0,男
0,其它,小学,一致,0,已婚,24 个月以上,不一致,0.0,0.0,0.0,1.0,36.0,男
0,其它,初中,一致,0,已婚,0-6个月,不一致,0.0,0.0,0.0,1.0,30.0,男
0,其它,初中,一致,0,已婚,24 个月以上,不一致,0.0,0.0,0.0,1.0,34.0,男
0,其它,初中,一致,0,已婚,24 个月以上,不一致,0.0,0.0,0.0,1.0,32.0,女
1,其它,初中,一致,1,未婚,12-24个月,不一致,0.0,0.0,0.0,1.0,41.0,男
0,其它,初中,一致,0,未婚,24 个月以上,一致,0.0,0.0,0.0,1.0,36.0,男
0,一线城市,本科以上,一致,0,已婚,24 个月以上,一致,0.0,0.0,0.0,1.0,37.0,男
0,其它,高中,一致,0,未婚,24 个月以上,一致,0.0,0.0,0.0,0.0,29.0,男
0,其它,初中,一致,0,未婚,12-24个月,一致,0.0,0.0,0.0,1.0,27.0,男
0,其它,初中,一致,0,已婚,24 个月以上,不一致,0.0,0.0,0.0,1.0,37.0,男
0,其它,初中,一致,0,已婚,24 个月以上,一致,0.0,0.0,0.0,1.0,28.0,男
0,其它,小学,一致,0,未婚,12-24个月,不一致,0.0,0.0,0.0,1.0,27.0,男
1,其它,初中,一致,0,已婚,6-12个月,不一致,0.0,1.0,0.0,1.0,42.0,男
1,其它,初中,一致,0,已婚,6-12个月,不一致,0.0,1.0,0.0,1.0,42.0,男
1,其它,初中,一致,0,已婚,24 个月以上,一致,0.0,0.0,0.0,1.0,37.0,男
1,其它,初中,一致,0,已婚,0-6个月,不一致,0.0,0.0,0.0,1.0,34.0,男
0,其它,高中,一致,0,已婚,24 个月以上,一致,0.0,0.0,0.0,1.0,42.0,男
0,其它,高中,一致,0,已婚,,无记录,0.0,0.0,0.0,1.0,54.0,男
1,其它,小学,一致,0,已婚,12-24个月,不一致,0.0,0.0,0.0,1.0,49.0,女
1,其它,小学,一致,0,已婚,12-24个月,不一致,0.0,0.0,0.0,1.0,49.0,女
0,二线城市,初中,一致,0,已婚,24 个月以上,一致,0.0,0.0,0.0,1.0,34.0,男
0,一线城市,Missing,一致,0,未说明,12-24个月,一致,0.0,0.0,0.0,1.0,26.0,男
1,其它,小学,一致,0,未婚,24 个月以上,一致,0.0,0.0,0.0,1.0,33.0,男
0,其它,小学,一致,0,已婚,12-24个月,不一致,0.0,0.0,0.0,1.0,42.0,男
1,其它,小学,一致,0,未婚,24 个月以上,不一致,0.0,0.0,0.0,1.0,52.0,男
1,其它,小学,一致,0,未婚,24 个月以上,不一致,0.0,0.0,0.0,1.0,52.0,男
0,二线城市,高中,一致,0,已婚,12-24个月,不一致,0.0,0.0,0.0,1.0,42.0,男
0,其它,初中,一致,0,未说明,24 个月以上,不一致,0.0,0.0,0.0,1.0,46.0,男
0,其它,小学,一致,0,未婚,,无记录,0.0,0.0,0.0,1.0,28.0,男
0,其它,小学,一致,0,已婚,24 个月以上,一致,0.0,0.0,0.0,1.0,47.0,男
0,其它,初中,一致,1,已婚,12-24个月,不一致,0.0,0.0,1.0,1.0,32.0,男
0,其它,高中,一致,0,已婚,24 个月以上,不一致,0.0,0.0,0.0,1.0,48.0,女
0,其它,专科,一致,0,已婚,24 个月以上,一致,0.0,0.0,0.0,1.0,35.0,女
0,其它,初中,一致,0,未说明,24 个月以上,不一致,0.0,0.0,0.0,1.0,42.0,男
0,二线城市,高中,一致,0,已婚,12-24个月,一致,0.0,0.0,0.0,1.0,45.0,女
0,其它,初中,一致,0,已婚,24 个月以上,一致,0.0,0.0,0.0,1.0,45.0,男
0,一线城市,本科以上,一致,0,未婚,,无记录,0.0,0.0,0.0,1.0,25.0,女
0,其它,初中,一致,0,已婚,12-24个月,一致,0.0,0.0,0.0,1.0,33.0,女
0,其它,初中,一致,0,已婚,12-24个月,无记录,0.0,0.0,0.0,1.0,34.0,男
0,二线城市,小学,一致,0,未婚,24 个月以上,一致,0.0,0.0,0.0,1.0,26.0,男
0,其它,Missing,一致,0,已婚,12-24个月,不一致,0.0,0.0,0.0,1.0,27.0,男
0,其它,小学,一致,0,已婚,24 个月以上,一致,0.0,0.0,0.0,1.0,29.0,男
0,其它,小学,一致,0,未说明,24 个月以上,一致,0.0,0.0,0.0,1.0,40.0,男
0,其它,初中,一致,0,已婚,24 个月以上,不一致,0.0,0.0,0.0,1.0,33.0,男
0,其它,初中,一致,0,已婚,24 个月以上,一致,0.0,0.0,0.0,1.0,49.0,男
0,其它,初中,一致,0,已婚,24 个月以上,不一致,0.0,0.0,0.0,1.0,37.0,男
1,其它,初中,一致,0,未说明,24 个月以上,不一致,0.0,0.0,0.0,1.0,29.0,男
1,其它,初中,一致,0,未说明,24 个月以上,不一致,0.0,0.0,0.0,1.0,29.0,男
1,其它,小学,一致,0,未说明,,一致,0.0,0.0,0.0,1.0,27.0,男
0,其它,初中,一致,0,离婚,24 个月以上,一致,0.0,0.0,0.0,1.0,51.0,男
0,其它,初中,一致,0,已婚,24 个月以上,一致,0.0,0.0,0.0,1.0,44.0,男
0,二线城市,初中,一致,0,已婚,24 个月以上,无记录,0.0,0.0,0.0,1.0,40.0,男
0,二线城市,Missing,一致,0,未婚,24 个月以上,一致,0.0,0.0,0.0,1.0,28.0,男
0,一线城市,Missing,一致,0,已婚,24 个月以上,一致,0.0,0.0,0.0,1.0,21.0,女
0,其它,小学,一致,0,未婚,24 个月以上,一致,0.0,0.0,0.0,1.0,24.0,男
0,其它,初中,一致,0,未婚,,无记录,0.0,0.0,0.0,0.0,32.0,男
1,其它,小学,一致,0,未婚,6-12个月,不一致,0.0,0.0,0.0,1.0,38.0,男
1,其它,小学,一致,0,未婚,6-12个月,不一致,0.0,0.0,0.0,1.0,38.0,男
0,其它,初中,一致,0,已婚,12-24个月,一致,0.0,0.0,0.0,1.0,42.0,男
0,其它,高中,一致,0,未婚,,不一致,0.0,0.0,0.0,1.0,29.0,女
0,其它,初中,一致,0,已婚,24 个月以上,一致,0.0,0.0,0.0,1.0,37.0,男
0,其它,初中,一致,0,未婚,12-24个月,一致,0.0,0.0,0.0,1.0,35.0,男
0,其它,小学,一致,0,未婚,24 个月以上,不一致,0.0,0.0,0.0,1.0,20.0,男
0,,Missing,,0,未说明,,无记录,0.0,0.0,0.0,0.0,26.0,女
1,其它,初中,一致,0,未说明,24 个月以上,不一致,0.0,0.0,0.0,1.0,33.0,男
0,其它,初中,一致,0,已婚,12-24个月,一致,0.0,0.0,0.0,1.0,52.0,男
0,其它,小学,一致,0,已婚,6-12个月,无记录,0.0,0.0,0.0,1.0,37.0,男
0,其它,高中,一致,0,已婚,12-24个月,不一致,0.0,0.0,0.0,1.0,37.0,男
0,其它,小学,一致,0,未婚,24 个月以上,一致,0.0,0.0,0.0,1.0,27.0,男
0,其它,高中,一致,0,未婚,24 个月以上,一致,0.0,0.0,0.0,1.0,26.0,男
0,其它,Missing,一致,0,未说明,24 个月以上,不一致,0.0,0.0,0.0,1.0,25.0,男
0,其它,初中,一致,0,未婚,24 个月以上,一致,0.0,0.0,0.0,0.0,30.0,男
0,其它,初中,一致,0,未婚,24 个月以上,一致,0.0,0.0,0.0,0.0,42.0,男
0,其它,小学,一致,0,已婚,12-24个月,不一致,0.0,0.0,0.0,1.0,25.0,男
1,二线城市,初中,一致,0,已婚,12-24个月,一致,0.0,0.0,0.0,1.0,34.0,男
1,其它,小学,一致,0,未婚,,无记录,0.0,0.0,0.0,1.0,24.0,男
1,其它,小学,一致,0,未婚,,无记录,0.0,0.0,0.0,1.0,24.0,男
1,二线城市,初中,一致,0,已婚,12-24个月,不一致,0.0,0.0,0.0,1.0,37.0,男
1,二线城市,初中,一致,0,已婚,12-24个月,不一致,0.0,0.0,0.0,1.0,37.0,男
0,其它,专科,一致,0,已婚,24 个月以上,一致,0.0,0.0,0.0,0.0,44.0,男
0,其它,高中,一致,0,已婚,24 个月以上,不一致,0.0,0.0,0.0,1.0,26.0,男
1,二线城市,初中,一致,0,已婚,24 个月以上,不一致,0.0,0.0,0.0,1.0,34.0,男
1,二线城市,初中,一致,0,已婚,24 个月以上,不一致,0.0,0.0,0.0,1.0,34.0,男
0,一线城市,小学,一致,0,未婚,24 个月以上,一致,0.0,0.0,0.0,1.0,27.0,女
0,二线城市,初中,一致,0,已婚,24 个月以上,一致,0.0,0.0,0.0,1.0,43.0,男
1,其它,初中,一致,0,已婚,24 个月以上,一致,0.0,1.0,0.0,1.0,36.0,男
0,二线城市,初中,一致,0,已婚,,不一致,0.0,0.0,1.0,1.0,34.0,男
0,其它,初中,一致,0,已婚,12-24个月,一致,0.0,0.0,0.0,1.0,30.0,男
0,其它,初中,一致,0,未婚,24 个月以上,一致,0.0,0.0,0.0,1.0,35.0,男
0,其它,初中,一致,0,已婚,12-24个月,一致,0.0,0.0,0.0,1.0,41.0,男
0,其它,小学,一致,0,已婚,12-24个月,无记录,0.0,0.0,0.0,1.0,33.0,女
1,其它,初中,一致,0,离婚,24 个月以上,一致,0.0,0.0,0.0,1.0,47.0,男
0,其它,初中,一致,0,已婚,12-24个月,不一致,0.0,0.0,0.0,1.0,45.0,男
0,二线城市,Missing,一致,0,已婚,12-24个月,不一致,0.0,0.0,0.0,1.0,33.0,男
0,其它,初中,一致,0,已婚,12-24个月,不一致,0.0,0.0,0.0,1.0,33.0,男
1,其它,高中,一致,0,已婚,12-24个月,不一致,0.0,0.0,0.0,1.0,42.0,男
1,其它,高中,一致,0,已婚,12-24个月,不一致,0.0,0.0,0.0,1.0,42.0,男
0,其它,初中,一致,0,未婚,,无记录,0.0,0.0,0.0,1.0,39.0,男
0,其它,小学,一致,0,未婚,24 个月以上,不一致,0.0,0.0,0.0,1.0,48.0,男
0,其它,Missing,一致,0,未说明,24 个月以上,不一致,0.0,0.0,0.0,1.0,28.0,男
0,其它,小学,一致,0,已婚,12-24个月,不一致,0.0,0.0,0.0,1.0,37.0,男
0,其它,高中,一致,0,未婚,24 个月以上,一致,0.0,0.0,0.0,0.0,21.0,男
0,其它,初中,一致,0,已婚,12-24个月,不一致,0.0,0.0,0.0,1.0,24.0,女
0,其它,初中,一致,0,已婚,24 个月以上,一致,0.0,0.0,0.0,1.0,26.0,男
0,其它,初中,一致,0,已婚,24 个月以上,一致,0.0,0.0,0.0,1.0,32.0,男
0,二线城市,初中,一致,0,已婚,6-12个月,一致,0.0,0.0,0.0,1.0,43.0,男
0,其它,小学,一致,0,已婚,12-24个月,不一致,0.0,0.0,0.0,1.0,32.0,女
0,其它,初中,一致,0,已婚,24 个月以上,一致,0.0,0.0,0.0,1.0,31.0,男
0,其它,专科,一致,0,已婚,24 个月以上,不一致,0.0,0.0,0.0,1.0,36.0,男
0,二线城市,初中,一致,0,已婚,24 个月以上,一致,0.0,0.0,0.0,1.0,26.0,男
0,其它,小学,一致,0,未婚,12-24个月,不一致,0.0,0.0,0.0,1.0,27.0,男
0,其它,初中,一致,0,已婚,24 个月以上,一致,0.0,0.0,0.0,1.0,37.0,男
0,其它,初中,一致,0,已婚,24 个月以上,不一致,0.0,0.0,0.0,1.0,39.0,男
0,二线城市,初中,一致,0,未婚,24 个月以上,无记录,0.0,0.0,0.0,1.0,27.0,女
1,二线城市,初中,一致,0,已婚,12-24个月,一致,0.0,0.0,0.0,1.0,35.0,男
0,其它,小学,一致,0,未说明,12-24个月,不一致,0.0,0.0,0.0,1.0,24.0,男
0,其它,小学,一致,0,未婚,12-24个月,一致,0.0,0.0,0.0,1.0,26.0,男
0,二线城市,初中,一致,0,未婚,12-24个月,一致,0.0,0.0,0.0,1.0,32.0,男
0,其它,初中,一致,0,未婚,24 个月以上,一致,0.0,0.0,0.0,1.0,41.0,男
0,其它,初中,一致,0,已婚,24 个月以上,一致,0.0,0.0,0.0,1.0,26.0,男
0,二线城市,初中,一致,0,未说明,24 个月以上,一致,0.0,0.0,0.0,1.0,41.0,男
0,一线城市,本科以上,一致,0,未婚,24 个月以上,一致,0.0,0.0,0.0,1.0,30.0,男
0,其它,初中,一致,0,已婚,24 个月以上,一致,0.0,0.0,0.0,1.0,28.0,男
0,其它,初中,一致,0,未说明,12-24个月,一致,0.0,0.0,0.0,1.0,42.0,男
0,一线城市,本科以上,一致,0,未婚,12-24个月,一致,0.0,0.0,0.0,1.0,25.0,女
1,二线城市,小学,一致,0,已婚,24 个月以上,一致,0.0,0.0,0.0,1.0,59.0,男
1,二线城市,小学,一致,0,已婚,24 个月以上,一致,0.0,0.0,0.0,1.0,59.0,男
0,一线城市,Missing,一致,0,未说明,24 个月以上,无记录,0.0,0.0,0.0,1.0,23.0,男
0,其它,初中,一致,0,未婚,24 个月以上,一致,0.0,0.0,0.0,1.0,34.0,男
0,其它,初中,一致,0,已婚,24 个月以上,一致,0.0,0.0,0.0,1.0,44.0,男
0,其它,初中,一致,0,离婚,12-24个月,一致,0.0,0.0,0.0,1.0,37.0,男
0,其它,初中,一致,0,已婚,24 个月以上,一致,0.0,0.0,0.0,1.0,46.0,男
0,其它,初中,一致,0,已婚,,无记录,0.0,0.0,0.0,1.0,22.0,男
0,其它,初中,一致,0,已婚,,不一致,0.0,0.0,0.0,1.0,33.0,男
0,其它,初中,一致,0,已婚,24 个月以上,一致,0.0,0.0,0.0,1.0,43.0,男
0,其它,小学,一致,0,已婚,24 个月以上,一致,0.0,0.0,0.0,1.0,33.0,男
0,其它,小学,一致,0,未说明,12-24个月,不一致,0.0,0.0,0.0,1.0,24.0,男
0,其它,初中,一致,0,已婚,24 个月以上,不一致,0.0,0.0,0.0,0.0,27.0,男
0,一线城市,技校,一致,0,未婚,24 个月以上,一致,0.0,0.0,0.0,1.0,25.0,女
0,其它,初中,一致,0,已婚,24 个月以上,不一致,0.0,0.0,0.0,1.0,26.0,男
1,其它,初中,一致,1,已婚,0-6个月,不一致,0.0,0.0,0.0,1.0,52.0,男
0,一线城市,高中,一致,0,未婚,24 个月以上,一致,0.0,0.0,0.0,1.0,24.0,男
0,其它,初中,一致,0,未婚,24 个月以上,一致,0.0,0.0,0.0,1.0,32.0,男
0,一线城市,初中,一致,0,已婚,24 个月以上,一致,0.0,0.0,0.0,1.0,32.0,男
0,其它,初中,一致,0,已婚,24 个月以上,一致,0.0,0.0,0.0,1.0,29.0,女
0,二线城市,初中,一致,0,未婚,24 个月以上,不一致,0.0,0.0,0.0,1.0,33.0,男
0,其它,Missing,一致,0,未说明,24 个月以上,无记录,0.0,0.0,0.0,1.0,36.0,男
1,二线城市,Missing,,0,未说明,24 个月以上,无记录,0.0,0.0,0.0,0.0,23.0,女
1,二线城市,Missing,,0,未说明,24 个月以上,无记录,0.0,0.0,0.0,0.0,23.0,女
0,其它,初中,一致,0,已婚,24 个月以上,一致,0.0,0.0,0.0,1.0,35.0,男
0,其它,Missing,一致,0,已婚,,不一致,0.0,0.0,0.0,1.0,43.0,男
0,其它,初中,一致,0,已婚,24 个月以上,不一致,0.0,0.0,0.0,1.0,23.0,男
1,新一线城市,初中,一致,0,已婚,24 个月以上,不一致,0.0,0.0,0.0,1.0,28.0,男
1,新一线城市,初中,一致,0,已婚,24 个月以上,不一致,0.0,0.0,0.0,1.0,28.0,男
0,其它,初中,一致,0,已婚,24 个月以上,一致,0.0,0.0,0.0,0.0,37.0,男
0,其它,初中,一致,0,已婚,24 个月以上,一致,0.0,0.0,0.0,1.0,43.0,男
0,一线城市,本科以上,一致,0,未说明,24 个月以上,一致,0.0,0.0,0.0,1.0,40.0,男
1,其它,高中,一致,0,已婚,12-24个月,一致,0.0,0.0,0.0,1.0,27.0,男
0,其它,初中,一致,0,离婚,24 个月以上,一致,0.0,0.0,0.0,1.0,46.0,男
1,二线城市,小学,一致,0,未婚,24 个月以上,一致,0.0,0.0,0.0,0.0,31.0,男
1,二线城市,小学,一致,0,未婚,24 个月以上,一致,0.0,0.0,0.0,0.0,31.0,男
0,其它,初中,一致,0,已婚,24 个月以上,无记录,0.0,0.0,0.0,1.0,30.0,男
0,其它,初中,一致,0,未婚,,无记录,0.0,0.0,0.0,0.0,37.0,女
0,其它,小学,一致,0,未说明,24 个月以上,一致,0.0,0.0,0.0,1.0,28.0,男
0,其它,初中,一致,0,已婚,12-24个月,不一致,0.0,0.0,0.0,1.0,41.0,男
0,其它,初中,一致,0,已婚,12-24个月,一致,0.0,0.0,0.0,1.0,43.0,男
0,一线城市,本科以上,一致,0,已婚,24 个月以上,不一致,0.0,0.0,0.0,1.0,32.0,男
0,二线城市,初中,一致,0,已婚,24 个月以上,无记录,0.0,0.0,0.0,1.0,27.0,男
1,其它,初中,一致,0,已婚,12-24个月,一致,0.0,0.0,0.0,0.0,44.0,男
0,其它,专科,一致,0,已婚,24 个月以上,一致,0.0,0.0,0.0,1.0,33.0,男
0,一线城市,初中,一致,0,已婚,24 个月以上,一致,0.0,0.0,0.0,1.0,48.0,男
0,其它,小学,一致,0,已婚,24 个月以上,一致,0.0,0.0,0.0,1.0,47.0,男
0,其它,小学,一致,0,未婚,12-24个月,一致,0.0,0.0,0.0,1.0,23.0,女
0,其它,初中,一致,0,未婚,24 个月以上,一致,0.0,0.0,0.0,1.0,39.0,男
0,其它,初中,一致,0,已婚,12-24个月,一致,0.0,0.0,0.0,1.0,43.0,男
0,其它,小学,一致,0,未婚,24 个月以上,一致,0.0,0.0,0.0,1.0,29.0,男
0,二线城市,高中,一致,0,未说明,12-24个月,一致,0.0,0.0,0.0,1.0,36.0,男
0,其它,初中,一致,0,已婚,24 个月以上,无记录,0.0,0.0,0.0,1.0,27.0,男
1,其它,初中,一致,0,未婚,24 个月以上,一致,0.0,0.0,0.0,1.0,34.0,男
1,其它,小学,一致,0,未婚,,无记录,0.0,1.0,0.0,1.0,26.0,男
1,其它,小学,一致,0,未婚,,无记录,0.0,1.0,0.0,1.0,26.0,男
1,其它,初中,一致,0,未说明,24 个月以上,一致,0.0,0.0,0.0,1.0,42.0,男
0,其它,初中,一致,0,未婚,12-24个月,不一致,0.0,0.0,0.0,1.0,32.0,男
0,其它,小学,一致,0,未说明,24 个月以上,一致,0.0,0.0,0.0,1.0,24.0,男
0,其它,Missing,一致,0,未说明,24 个月以上,一致,0.0,0.0,0.0,1.0,33.0,男
0,其它,初中,一致,0,未婚,24 个月以上,一致,0.0,0.0,0.0,0.0,35.0,男
0,其它,初中,一致,0,已婚,24 个月以上,一致,0.0,0.0,0.0,1.0,37.0,男
0,其它,Missing,一致,0,未说明,12-24个月,一致,0.0,0.0,0.0,1.0,42.0,男
0,其它,小学,一致,0,未婚,12-24个月,无记录,0.0,0.0,0.0,1.0,25.0,女
0,其它,专科,一致,0,已婚,24 个月以上,一致,0.0,0.0,0.0,1.0,46.0,男
0,其它,初中,一致,0,已婚,24 个月以上,一致,0.0,0.0,0.0,1.0,35.0,男
0,二线城市,初中,一致,0,未婚,12-24个月,一致,0.0,0.0,0.0,1.0,23.0,男
0,二线城市,Missing,一致,0,已婚,24 个月以上,一致,0.0,0.0,0.0,1.0,27.0,女
0,其它,高中,一致,0,未婚,24 个月以上,一致,0.0,0.0,0.0,1.0,32.0,男
0,一线城市,初中,一致,0,已婚,12-24个月,一致,0.0,0.0,0.0,1.0,29.0,男
0,其它,初中,一致,0,已婚,,一致,0.0,0.0,0.0,1.0,42.0,男
0,其它,初中,一致,0,离婚,,一致,0.0,0.0,0.0,1.0,32.0,男
0,其它,初中,一致,0,已婚,24 个月以上,一致,0.0,0.0,0.0,1.0,29.0,女
1,其它,初中,一致,1,未婚,24 个月以上,一致,0.0,0.0,0.0,1.0,38.0,男
0,二线城市,小学,一致,0,已婚,24 个月以上,一致,0.0,0.0,0.0,1.0,38.0,女
0,其它,初中,一致,0,已婚,24 个月以上,无记录,0.0,0.0,0.0,1.0,42.0,男
0,其它,初中,一致,0,已婚,,无记录,0.0,0.0,0.0,1.0,45.0,男
0,其它,初中,一致,0,未婚,12-24个月,无记录,0.0,0.0,0.0,1.0,26.0,男
0,其它,初中,一致,0,已婚,24 个月以上,不一致,0.0,0.0,0.0,1.0,37.0,男
0,其它,初中,一致,0,已婚,24 个月以上,无记录,0.0,0.0,0.0,1.0,29.0,男
0,其它,初中,一致,0,已婚,24 个月以上,一致,0.0,0.0,0.0,1.0,35.0,男
0,其它,Missing,一致,0,未说明,24 个月以上,一致,0.0,0.0,0.0,1.0,33.0,男
0,其它,Missing,一致,0,未说明,12-24个月,不一致,0.0,0.0,1.0,1.0,35.0,男
1,其它,初中,一致,0,未婚,,无记录,0.0,0.0,0.0,0.0,33.0,男
1,其它,初中,一致,0,未婚,,无记录,0.0,0.0,0.0,0.0,33.0,男
0,二线城市,初中,一致,0,已婚,24 个月以上,一致,0.0,0.0,0.0,1.0,46.0,男
0,其它,高中,一致,0,已婚,12-24个月,不一致,0.0,0.0,0.0,1.0,39.0,女
0,其它,初中,一致,0,已婚,24 个月以上,一致,0.0,0.0,0.0,1.0,32.0,男
0,其它,初中,一致,0,已婚,24 个月以上,不一致,0.0,0.0,0.0,1.0,38.0,男
0,其它,小学,一致,0,已婚,24 个月以上,一致,0.0,0.0,0.0,1.0,22.0,女
0,其它,Missing,一致,0,未说明,24 个月以上,一致,0.0,0.0,0.0,1.0,36.0,男
0,其它,初中,一致,0,已婚,24 个月以上,不一致,0.0,0.0,0.0,1.0,28.0,男
0,其它,初中,一致,1,已婚,24 个月以上,一致,0.0,0.0,0.0,1.0,40.0,男
0,其它,初中,一致,0,已婚,,无记录,0.0,0.0,0.0,0.0,32.0,女
0,其它,初中,一致,0,已婚,24 个月以上,不一致,0.0,0.0,0.0,1.0,41.0,男
0,其它,初中,一致,0,未婚,24 个月以上,一致,0.0,0.0,0.0,1.0,24.0,男
0,其它,小学,一致,0,未说明,24 个月以上,一致,0.0,0.0,0.0,1.0,25.0,男
0,二线城市,初中,一致,0,已婚,24 个月以上,一致,0.0,0.0,0.0,1.0,35.0,男
0,其它,初中,一致,0,未婚,24 个月以上,一致,0.0,0.0,0.0,1.0,25.0,男
0,其它,初中,一致,0,已婚,24 个月以上,一致,0.0,0.0,0.0,1.0,43.0,女
0,其它,高中,一致,0,已婚,24 个月以上,一致,0.0,0.0,0.0,0.0,31.0,男
0,其它,高中,一致,0,未婚,24 个月以上,一致,0.0,0.0,0.0,0.0,23.0,男
1,其它,Missing,一致,0,未说明,24 个月以上,一致,0.0,0.0,0.0,1.0,35.0,男
0,其它,初中,一致,0,未说明,12-24个月,一致,0.0,0.0,0.0,1.0,37.0,男
0,二线城市,小学,一致,0,已婚,12-24个月,不一致,0.0,0.0,0.0,1.0,62.0,男
0,其它,小学,一致,0,未说明,12-24个月,不一致,0.0,0.0,0.0,1.0,23.0,男
0,二线城市,本科以上,一致,0,离婚,24 个月以上,无记录,0.0,0.0,0.0,1.0,24.0,女
0,其它,Missing,一致,0,未婚,12-24个月,无记录,0.0,0.0,0.0,1.0,23.0,男
0,二线城市,初中,一致,0,未婚,12-24个月,不一致,0.0,0.0,0.0,1.0,33.0,男
0,其它,初中,一致,0,未说明,,无记录,0.0,0.0,0.0,1.0,43.0,男
0,其它,初中,一致,0,未说明,24 个月以上,一致,0.0,0.0,0.0,1.0,33.0,男
0,其它,初中,一致,0,已婚,24 个月以上,不一致,0.0,0.0,0.0,1.0,43.0,男
0,其它,初中,一致,0,已婚,24 个月以上,不一致,0.0,0.0,0.0,0.0,52.0,男
1,其它,小学,一致,0,未婚,12-24个月,无记录,0.0,0.0,0.0,1.0,28.0,男
0,二线城市,初中,一致,0,已婚,24 个月以上,一致,0.0,0.0,0.0,1.0,35.0,女
0,其它,专科,一致,0,离婚,24 个月以上,不一致,0.0,0.0,0.0,1.0,29.0,女
1,二线城市,初中,一致,0,已婚,,一致,0.0,0.0,0.0,1.0,34.0,男
1,二线城市,初中,一致,0,已婚,,一致,0.0,0.0,0.0,1.0,34.0,男
0,其它,初中,一致,0,已婚,24 个月以上,不一致,0.0,0.0,0.0,1.0,37.0,男
0,其它,小学,一致,0,离婚,24 个月以上,一致,0.0,1.0,0.0,1.0,35.0,男
1,其它,初中,一致,0,已婚,12-24个月,一致,0.0,0.0,0.0,1.0,36.0,男
1,其它,初中,一致,0,已婚,12-24个月,一致,0.0,0.0,0.0,1.0,36.0,男
0,其它,小学,一致,0,离婚,24 个月以上,不一致,0.0,0.0,0.0,1.0,41.0,男
0,其它,初中,一致,0,已婚,24 个月以上,一致,0.0,0.0,0.0,1.0,25.0,男
1,其它,小学,一致,0,未婚,,无记录,0.0,0.0,0.0,1.0,30.0,男
1,其它,小学,一致,0,未婚,,无记录,0.0,0.0,0.0,1.0,30.0,男
0,一线城市,专科,一致,0,未婚,24 个月以上,一致,0.0,0.0,0.0,1.0,26.0,男
1,新一线城市,初中,一致,1,未婚,,无记录,0.0,0.0,0.0,1.0,43.0,男
1,新一线城市,初中,一致,1,未婚,,无记录,0.0,0.0,0.0,1.0,43.0,男
0,其它,初中,一致,0,未说明,24 个月以上,一致,0.0,0.0,0.0,1.0,31.0,男
0,其它,初中,一致,0,已婚,24 个月以上,一致,0.0,0.0,0.0,1.0,30.0,男
0,其它,高中,一致,0,未说明,24 个月以上,不一致,0.0,0.0,0.0,1.0,52.0,男
0,其它,初中,一致,0,未婚,24 个月以上,不一致,0.0,0.0,0.0,1.0,25.0,男
0,其它,高中,一致,0,已婚,24 个月以上,一致,0.0,0.0,0.0,1.0,45.0,男
0,其它,初中,一致,0,已婚,24 个月以上,一致,0.0,0.0,0.0,1.0,44.0,男
0,一线城市,本科以上,一致,0,未婚,24 个月以上,一致,0.0,0.0,0.0,1.0,30.0,女
1,新一线城市,小学,一致,0,未婚,0-6个月,不一致,0.0,0.0,0.0,1.0,30.0,男
0,其它,初中,一致,0,已婚,24 个月以上,一致,0.0,0.0,0.0,1.0,46.0,男
0,其它,初中,一致,0,已婚,24 个月以上,一致,0.0,0.0,0.0,1.0,37.0,男
0,其它,初中,一致,0,已婚,24 个月以上,一致,0.0,0.0,0.0,1.0,35.0,男
0,其它,初中,一致,0,已婚,24 个月以上,一致,0.0,0.0,0.0,1.0,26.0,男
0,其它,初中,一致,0,未说明,24 个月以上,一致,0.0,0.0,0.0,1.0,32.0,女
1,其它,初中,一致,0,未婚,24 个月以上,一致,0.0,0.0,0.0,1.0,26.0,男
1,其它,初中,一致,0,未婚,24 个月以上,一致,0.0,0.0,0.0,1.0,26.0,男
0,其它,本科以上,一致,0,未婚,24 个月以上,一致,0.0,0.0,0.0,1.0,27.0,男
0,其它,Missing,一致,0,未说明,24 个月以上,不一致,0.0,0.0,0.0,1.0,28.0,男
0,其它,小学,一致,0,已婚,12-24个月,不一致,0.0,0.0,0.0,1.0,31.0,女
0,其它,初中,一致,0,已婚,12-24个月,不一致,0.0,0.0,0.0,1.0,31.0,男
0,其它,小学,一致,1,已婚,12-24个月,一致,0.0,0.0,0.0,1.0,29.0,女
1,其它,初中,一致,1,已婚,24 个月以上,一致,0.0,0.0,0.0,1.0,36.0,女
1,其它,初中,一致,1,已婚,24 个月以上,一致,0.0,0.0,0.0,1.0,36.0,女
1,其它,小学,一致,0,已婚,,无记录,0.0,0.0,0.0,0.0,34.0,男
0,其它,初中,一致,0,离婚,12-24个月,不一致,0.0,0.0,0.0,1.0,32.0,男
0,其它,初中,一致,0,已婚,6-12个月,无记录,0.0,0.0,0.0,1.0,46.0,男
0,其它,初中,一致,0,已婚,24 个月以上,一致,0.0,0.0,0.0,1.0,50.0,男
0,其它,初中,一致,0,已婚,24 个月以上,不一致,0.0,0.0,0.0,1.0,37.0,男
1,其它,初中,一致,0,已婚,12-24个月,不一致,0.0,0.0,0.0,1.0,35.0,男
1,其它,初中,一致,0,已婚,12-24个月,不一致,0.0,0.0,0.0,1.0,35.0,男
0,其它,小学,一致,0,未婚,24 个月以上,不一致,0.0,0.0,0.0,1.0,22.0,男
0,其它,小学,一致,0,已婚,24 个月以上,一致,0.0,0.0,0.0,1.0,35.0,男
0,其它,初中,一致,0,已婚,24 个月以上,一致,0.0,0.0,0.0,0.0,28.0,男
0,其它,初中,一致,0,已婚,24 个月以上,不一致,0.0,0.0,0.0,1.0,42.0,女
0,其它,初中,一致,0,未婚,12-24个月,一致,0.0,0.0,0.0,0.0,26.0,男
0,其它,初中,一致,0,未婚,,不一致,0.0,0.0,0.0,1.0,28.0,男
1,其它,初中,一致,0,未婚,24 个月以上,一致,0.0,0.0,0.0,1.0,25.0,男
0,二线城市,初中,一致,0,已婚,24 个月以上,一致,0.0,0.0,0.0,1.0,46.0,男
0,二线城市,初中,一致,0,已婚,24 个月以上,一致,0.0,0.0,0.0,1.0,28.0,男
0,其它,初中,一致,0,已婚,24 个月以上,不一致,0.0,0.0,0.0,1.0,43.0,男
0,二线城市,初中,一致,0,已婚,24 个月以上,一致,0.0,0.0,0.0,1.0,44.0,男
0,二线城市,初中,一致,0,已婚,,一致,0.0,0.0,0.0,0.0,34.0,男
0,其它,初中,一致,0,已婚,24 个月以上,一致,0.0,0.0,0.0,1.0,46.0,男
0,其它,Missing,一致,0,已婚,24 个月以上,不一致,0.0,0.0,0.0,1.0,23.0,男
0,其它,初中,一致,0,已婚,24 个月以上,不一致,0.0,0.0,0.0,0.0,54.0,女
0,其它,小学,一致,0,已婚,12-24个月,不一致,0.0,0.0,0.0,1.0,42.0,女
0,新一线城市,初中,一致,0,已婚,24 个月以上,一致,0.0,0.0,0.0,1.0,42.0,男
1,二线城市,初中,一致,0,未说明,24 个月以上,一致,0.0,0.0,0.0,1.0,30.0,女
0,二线城市,Missing,一致,0,未说明,24 个月以上,无记录,0.0,0.0,0.0,1.0,23.0,男
0,其它,初中,一致,0,已婚,12-24个月,不一致,0.0,0.0,0.0,0.0,46.0,男
0,其它,Missing,一致,0,已婚,24 个月以上,一致,0.0,0.0,0.0,1.0,51.0,男
1,其它,初中,一致,0,已婚,24 个月以上,一致,0.0,0.0,0.0,1.0,31.0,女
1,新一线城市,小学,一致,0,未婚,,无记录,0.0,0.0,0.0,1.0,32.0,男
0,其它,高中,一致,0,已婚,24 个月以上,一致,0.0,0.0,0.0,1.0,25.0,男
0,其它,初中,一致,0,已婚,24 个月以上,一致,0.0,0.0,0.0,1.0,43.0,男
1,其它,初中,一致,0,未婚,,无记录,0.0,0.0,0.0,1.0,28.0,男
1,其它,初中,一致,0,未婚,,无记录,0.0,0.0,0.0,1.0,28.0,男
0,其它,小学,一致,0,已婚,12-24个月,不一致,0.0,0.0,0.0,1.0,46.0,女
0,其它,小学,一致,0,已婚,12-24个月,一致,0.0,0.0,0.0,1.0,48.0,女
1,二线城市,初中,一致,0,未婚,24 个月以上,无记录,0.0,0.0,0.0,1.0,29.0,男
1,二线城市,初中,一致,0,未婚,24 个月以上,无记录,0.0,0.0,0.0,1.0,29.0,男
0,二线城市,高中,一致,0,已婚,12-24个月,不一致,0.0,0.0,0.0,1.0,34.0,男
0,其它,初中,一致,0,已婚,24 个月以上,无记录,0.0,0.0,0.0,1.0,32.0,男
0,其它,小学,一致,0,已婚,24 个月以上,一致,0.0,0.0,0.0,0.0,42.0,男
0,其它,高中,一致,0,已婚,24 个月以上,一致,0.0,0.0,0.0,0.0,47.0,男
1,其它,初中,一致,0,未婚,6-12个月,不一致,0.0,0.0,0.0,1.0,36.0,男
0,其它,初中,一致,0,未婚,24 个月以上,不一致,0.0,0.0,0.0,1.0,28.0,女
0,,Missing,,0,未说明,,无记录,0.0,0.0,0.0,0.0,26.0,男
1,其它,小学,一致,0,已婚,12-24个月,无记录,0.0,0.0,0.0,0.0,29.0,男
0,其它,初中,一致,0,已婚,24 个月以上,一致,0.0,0.0,0.0,0.0,41.0,男
0,其它,Missing,,0,未说明,12-24个月,一致,0.0,0.0,0.0,0.0,27.0,女
0,其它,初中,一致,0,未婚,24 个月以上,一致,0.0,0.0,0.0,1.0,36.0,男
0,二线城市,初中,一致,0,未婚,,一致,0.0,0.0,0.0,1.0,41.0,男
0,其它,初中,一致,0,已婚,24 个月以上,一致,0.0,0.0,0.0,1.0,38.0,男
1,其它,高中,一致,0,已婚,24 个月以上,一致,0.0,0.0,0.0,1.0,29.0,男
1,其它,高中,一致,0,已婚,24 个月以上,一致,0.0,0.0,0.0,1.0,29.0,男
0,其它,初中,一致,0,已婚,24 个月以上,不一致,0.0,0.0,0.0,1.0,30.0,女
0,其它,初中,一致,0,离婚,24 个月以上,一致,0.0,0.0,0.0,0.0,41.0,男
0,其它,初中,一致,0,已婚,24 个月以上,一致,0.0,0.0,0.0,1.0,27.0,男
0,其它,小学,一致,0,已婚,24 个月以上,一致,0.0,0.0,0.0,0.0,30.0,男
0,其它,高中,一致,0,已婚,24 个月以上,一致,0.0,0.0,0.0,1.0,44.0,男
1,新一线城市,初中,一致,0,已婚,6-12个月,不一致,0.0,0.0,0.0,1.0,31.0,男
0,其它,初中,一致,0,已婚,24 个月以上,不一致,0.0,0.0,0.0,1.0,36.0,男
0,二线城市,初中,一致,1,已婚,24 个月以上,一致,0.0,0.0,0.0,1.0,47.0,男
0,二线城市,初中,一致,0,已婚,24 个月以上,一致,0.0,0.0,0.0,1.0,30.0,男
0,其它,小学,一致,0,已婚,,一致,0.0,0.0,0.0,1.0,53.0,男
0,其它,小学,一致,0,已婚,12-24个月,一致,0.0,0.0,0.0,1.0,45.0,男
0,其它,初中,一致,0,已婚,12-24个月,不一致,0.0,0.0,0.0,1.0,42.0,男
0,其它,小学,一致,0,已婚,24 个月以上,不一致,0.0,0.0,0.0,1.0,28.0,男
0,其它,初中,一致,0,已婚,24 个月以上,无记录,0.0,0.0,0.0,1.0,42.0,女
0,其它,初中,一致,0,未说明,24 个月以上,一致,0.0,0.0,0.0,1.0,44.0,男
0,其它,初中,一致,0,已婚,12-24个月,不一致,0.0,0.0,0.0,1.0,51.0,男
0,其它,小学,一致,0,未婚,24 个月以上,一致,0.0,0.0,0.0,1.0,30.0,男
0,其它,Missing,一致,0,未说明,12-24个月,一致,0.0,0.0,0.0,1.0,22.0,男
0,其它,高中,一致,0,已婚,24 个月以上,一致,0.0,0.0,0.0,1.0,49.0,男
0,其它,初中,一致,1,已婚,24 个月以上,不一致,0.0,0.0,0.0,1.0,34.0,女
0,新一线城市,初中,一致,0,未说明,24 个月以上,一致,0.0,0.0,0.0,1.0,36.0,女
0,二线城市,小学,一致,0,已婚,24 个月以上,一致,0.0,0.0,0.0,1.0,36.0,男
0,其它,初中,一致,0,未婚,12-24个月,无记录,0.0,0.0,0.0,1.0,34.0,男
0,一线城市,高中,一致,0,未婚,24 个月以上,一致,0.0,0.0,0.0,1.0,27.0,男
0,其它,初中,一致,0,已婚,24 个月以上,不一致,0.0,1.0,0.0,1.0,35.0,男
0,其它,小学,一致,0,未婚,24 个月以上,不一致,0.0,0.0,0.0,0.0,28.0,男
0,二线城市,初中,一致,0,已婚,24 个月以上,一致,0.0,0.0,0.0,1.0,49.0,男
0,其它,初中,一致,0,已婚,24 个月以上,一致,0.0,0.0,0.0,1.0,36.0,男
0,其它,Missing,一致,0,未说明,24 个月以上,一致,0.0,0.0,0.0,1.0,26.0,男
1,其它,初中,一致,0,已婚,24 个月以上,一致,0.0,0.0,0.0,1.0,34.0,男
0,二线城市,Missing,一致,0,未说明,24 个月以上,一致,0.0,0.0,0.0,1.0,26.0,男
0,其它,小学,一致,0,已婚,24 个月以上,一致,0.0,0.0,0.0,1.0,40.0,男
0,其它,初中,一致,0,已婚,24 个月以上,一致,0.0,0.0,0.0,0.0,50.0,男
0,其它,高中,一致,0,未说明,24 个月以上,一致,0.0,0.0,0.0,1.0,35.0,男
0,其它,小学,一致,0,已婚,24 个月以上,一致,0.0,0.0,0.0,1.0,38.0,男
0,其它,小学,一致,0,已婚,24 个月以上,一致,0.0,0.0,0.0,1.0,36.0,男
0,其它,初中,一致,0,未婚,24 个月以上,一致,0.0,0.0,0.0,1.0,32.0,男
0,其它,初中,一致,0,已婚,24 个月以上,无记录,0.0,0.0,0.0,1.0,33.0,女
0,其它,高中,一致,0,未婚,24 个月以上,一致,0.0,0.0,0.0,1.0,38.0,男
0,其它,初中,一致,0,已婚,6-12个月,无记录,0.0,0.0,0.0,1.0,51.0,男
0,其它,初中,一致,0,未婚,12-24个月,不一致,0.0,0.0,0.0,0.0,28.0,男
0,其它,小学,一致,0,已婚,24 个月以上,一致,0.0,0.0,0.0,1.0,59.0,男
0,其它,小学,一致,0,已婚,24 个月以上,一致,0.0,0.0,0.0,1.0,30.0,男
1,其它,小学,一致,0,已婚,24 个月以上,一致,0.0,0.0,0.0,0.0,38.0,男
1,其它,小学,一致,0,已婚,24 个月以上,一致,0.0,0.0,0.0,0.0,38.0,男
0,其它,初中,一致,0,已婚,24 个月以上,一致,0.0,0.0,0.0,1.0,34.0,男
0,其它,初中,一致,0,已婚,12-24个月,不一致,0.0,0.0,0.0,1.0,33.0,女
0,其它,初中,一致,0,已婚,24 个月以上,一致,0.0,0.0,0.0,1.0,30.0,男
